T,Vcx,X,Xdot,Xdot_dl
1.91E-06,1.254821243,0.004541943,0.454194332,0.045419433
0.010103941,1.259813395,0.004502581,-0.003936188,0.40838128
0.020226002,1.264661658,0.004337817,-0.0164764,-0.005190209
0.030330896,1.269267584,0.004247701,-0.009011663,-0.015729927
0.040646076,1.273371828,0.005121087,0.087338639,0.000623367
0.05072403,1.277826794,0.004344218,-0.077686924,0.070836083
0.060798883,1.281773883,0.00432104,-0.002317782,-0.07015001
0.070940018,1.285460089,0.004495433,0.017439295,-0.000342075
0.081048012,1.288913912,0.004700029,0.02045962,0.017741327
0.091398954,1.292005611,0.005482811,0.078278128,0.026241471
0.101500988,1.294576002,0.00683636,0.135354931,0.083985808
0.111598015,1.297257693,0.007385536,0.054917578,0.127311195
0.121696949,1.300055222,0.007123032,-0.026250351,0.046800785
0.131808043,1.302273907,0.00779021,0.066717807,-0.016953535
0.141910076,1.30387747,0.009463478,0.167326769,0.076778703
0.151992083,1.305549567,0.010428889,0.096541084,0.1602482
0.162117004,1.306975082,0.011503728,0.107483938,0.09763537
0.172230005,1.308132022,0.012714682,0.121095404,0.108845085
0.182346106,1.308430368,0.015542921,0.282823853,0.137268249
0.192466974,1.308994557,0.017176744,0.163382292,0.270879697
0.202579975,1.309245083,0.019060869,0.188412517,0.165885314
0.212698936,1.309251237,0.021025248,0.19643791,0.189215057
0.222821951,1.308950863,0.023223784,0.219853595,0.198779479
0.232913971,1.307362347,0.028107392,0.488360785,0.246704314
0.242990971,1.306398817,0.03089818,0.279078819,0.467432588
0.253099918,1.305147039,0.033879615,0.298143551,0.280985292
0.263195992,1.303619074,0.037020724,0.31411089,0.299740285
0.273334026,1.30181312,0.040320136,0.329941139,0.315693915
0.283416033,1.298206658,0.0475972,0.727706403,0.369717665
0.293525934,1.295269608,0.05266514,0.50679408,0.70561517
0.303648949,1.292545333,0.056666017,0.40008761,0.496123433
0.313755989,1.289478653,0.060996525,0.433050841,0.403383933
0.323873043,1.284700318,0.069072224,0.807569921,0.470502749
0.333992958,1.280312143,0.075640924,0.656870008,0.79249993
0.344098091,1.276960987,0.079094797,0.34538731,0.625721738
0.354216099,1.272122563,0.085732035,0.663723797,0.377220958
0.364322901,1.268023824,0.08999899,0.426695496,0.640020967
0.374413013,1.260248918,0.102941684,1.294269413,0.513452888
0.384537935,1.25494725,0.109153092,0.621140748,1.226956546
0.394629955,1.24986315,0.114320472,0.516737998,0.610700473
0.404764891,1.243460192,0.122228667,0.790819526,0.54414615
0.414872885,1.237158116,0.12938422,0.715555251,0.783293098
0.424952984,1.227977428,0.1432423,1.385807991,0.782580525
0.435036898,1.221217819,0.150528386,0.728608668,1.320088059
0.445120096,1.214605488,0.156932607,0.640422106,0.719790012
0.455256939,1.207191316,0.164770752,0.78381449,0.654761344
0.465610027,1.196207457,0.180771843,1.600109041,0.865443945
0.475693941,1.188225688,0.189049587,0.827774405,1.522875577
0.485805035,1.179917677,0.197602063,0.855247676,0.830521733
0.495918989,1.171354866,0.206279755,0.867769122,0.856499821
0.506038904,1.162552344,0.215042427,0.876267254,0.868618935
0.516154051,1.149771004,0.233253941,1.821151376,0.970755666
0.526268005,1.140377448,0.242495596,0.924165547,1.731452793
0.536375999,1.130735248,0.25186801,0.937241316,0.925473124
0.546467066,1.120165929,0.263087422,1.121941209,0.955711305
0.556576014,1.110687251,0.271059364,0.797194242,1.089466512
0.566704988,1.096297877,0.290783614,1.972424984,0.914717317
0.576809883,1.085636807,0.300736338,0.995272398,1.874709725
0.586927891,1.07412812,0.312299371,1.156303287,1.011375487
0.597030878,1.063527677,0.321133822,0.883445144,1.129017472
0.607259989,1.047225674,0.343512297,2.237847447,1.018885374
0.617347002,1.036285099,0.352263272,0.875097513,2.101572454
0.627518892,1.024388303,0.362769455,1.050618291,0.892649591
0.637707949,1.012220989,0.373440564,1.067110896,1.052267551
0.647809982,0.999274063,0.385759354,1.231878996,1.083587706
0.657993078,0.983141229,0.40541169,1.965233684,1.305214465
0.668154955,0.969706767,0.417893797,1.248210669,1.893531382
0.678288937,0.956804702,0.428641289,1.074749231,1.230864525
0.688419104,0.943641742,0.439591944,1.095065475,1.076780856
0.698512077,0.926685075,0.459656447,2.006450295,1.186203957
0.708607912,0.913166707,0.470672071,1.101562381,1.915961504
0.718724012,0.899564984,0.481405824,1.073375344,1.098743677
0.72880888,0.88570675,0.492413521,1.100769639,1.076114774
0.738941908,0.871719659,0.503192663,1.077914238,1.098484099
0.749023914,0.853236903,0.524901092,2.170842886,1.187207103
0.759138107,0.838853511,0.53585422,1.095312834,2.063289881
0.769243956,0.824406916,0.546561182,1.070696115,1.092851162
0.779345989,0.809768599,0.557336748,1.07755661,1.071382165
0.789453983,0.794909531,0.568232536,1.089578867,1.078758836
0.799555063,0.775804204,0.589350045,2.111750841,1.191796064
0.809669018,0.760775151,0.599834681,1.048463583,2.005422115
0.819781065,0.745559742,0.610386312,1.055163145,1.049133539
0.829880953,0.730202372,0.620927095,1.054078341,1.055054665
0.83999896,0.714717099,0.63134253,1.041543484,1.052824855
0.850069046,0.695049333,0.651960075,2.061754465,1.143564582
0.860169888,0.679399607,0.662060916,1.010084152,1.956587434
0.870282888,0.663592494,0.672139287,1.007837057,1.009859443
0.880383015,0.647667329,0.682174504,1.003521681,1.007405519
0.890495062,0.627640379,0.70205766,1.988315582,1.102001071
0.900602102,0.611538698,0.711776137,0.971847773,1.886668801
0.910700083,0.595376303,0.721312821,0.953668356,0.970029831
0.920801878,0.579023038,0.730958998,0.964617729,0.954763293
0.930907965,0.562594193,0.74042958,0.947058201,0.962861776
0.941018105,0.54238264,0.758997798,1.856821775,1.038034558
0.95113492,0.525748295,0.768260181,0.926238298,1.763763428
0.961242914,0.509098573,0.777253032,0.899285078,0.923542976
0.971347094,0.492348731,0.786177933,0.892490149,0.898605585
0.981442928,0.475500102,0.79505223,0.887429714,0.891984105
0.991516113,0.455208003,0.812291563,1.72393322,0.971080065
1.001605034,0.438313753,0.820670724,0.837916136,1.635331512
1.011698008,0.421252318,0.829146028,0.847530365,0.838877559
1.021811008,0.40412587,0.837412357,0.826632977,0.845440626
1.032156944,0.383437015,0.85348016,1.606780291,0.904647708
1.042233944,0.366262866,0.861393511,0.791335106,1.525235772
1.052318096,0.348969606,0.869294524,0.79010129,0.791211724
1.062412024,0.331672657,0.876890421,0.759589672,0.787050128
1.072520018,0.314353409,0.884217322,0.732690096,0.756899714
1.08263588,0.293946004,0.898966849,1.474952698,0.806916356
1.092734098,0.276523299,0.906054556,0.708770752,1.398334503
1.10282588,0.259144526,0.912798703,0.674414635,0.70533514
1.112930059,0.241576994,0.919718206,0.691950321,0.676168203
1.123039961,0.223946634,0.926527977,0.680977106,0.690853
1.133119106,0.203765465,0.939589322,1.306134462,0.743492842
1.143210888,0.186221119,0.945778847,0.618952513,1.237416267
1.153321028,0.168555201,0.95197618,0.619733334,0.619030595
1.163414001,0.150870803,0.958063066,0.608688593,0.61862886
1.173548937,0.130778613,0.96979481,1.173174381,0.665137172
1.183643103,0.11313211,0.975358129,0.556331873,1.11149013
1.193743944,0.095407656,0.980888188,0.553005934,0.555999279
1.203874111,0.077563269,0.986408174,0.551998615,0.552905202
1.213984966,0.059873554,0.991425276,0.501710176,0.546969771
1.224082947,0.040078839,1.00157094,1.014566422,0.552995801
1.234185934,0.022360037,1.006329775,0.475883484,0.960698128
1.244292021,0.004575307,1.011070013,0.474023819,0.475697517
1.254404068,-0.013227548,1.015667081,0.459706783,0.472592115
1.264518976,-0.031026217,1.020083666,0.441658497,0.457901955
1.274590969,-0.050412032,1.028486848,0.840318203,0.481524467
1.284739971,-0.068229576,1.032516837,0.402998924,0.796586275
1.294854879,-0.085997935,1.036420465,0.39036274,0.401735306
1.304939985,-0.103765291,1.040308833,0.388836861,0.390210152
1.315052986,-0.121529015,1.043950081,0.364124775,0.386365652
1.325124025,-0.140582561,1.050866246,0.691616535,0.396873951
1.335242033,-0.158234023,1.053974509,0.310826302,0.653537512
1.345362902,-0.17589762,1.056995034,0.302052498,0.309948921
1.355463982,-0.193561475,1.059997082,0.300204754,0.301867723
1.365569115,-0.212267295,1.065494657,0.549757481,0.325160027
1.375677109,-0.229872946,1.068143845,0.264918804,0.521273613
1.385792971,-0.247487213,1.070702672,0.25588274,0.264015198
1.395900965,-0.264932698,1.072798848,0.209617615,0.251256227
1.406085968,-0.28258075,1.075018168,0.221931934,0.210849047
1.41624403,-0.300892928,1.078948498,0.393033028,0.239042044
1.426363945,-0.318274976,1.080657721,0.170922279,0.370821953
1.436491966,-0.335664156,1.082305193,0.164747238,0.170304775
1.446554899,-0.35291174,1.083828449,0.15232563,0.163505077
1.456645966,-0.370144969,1.08516717,0.133872032,0.15048027
1.466715097,-0.387704104,1.087385774,0.221860409,0.14267087
1.476808071,-0.404784114,1.088288903,0.090312958,0.208705664
1.4869349,-0.42194197,1.089234114,0.094521046,0.090733767
1.497046947,-0.439034355,1.090071321,0.083720684,0.09344101
1.507242918,-0.456253253,1.090878367,0.080704689,0.083419085
1.517374992,-0.473173827,1.091212392,0.033402443,0.075974464
1.52748704,-0.490014189,1.091443658,0.023126602,0.032374859
1.537606001,-0.506659285,1.091179729,-0.026392937,0.018174648
1.547708988,-0.523399847,1.09124887,0.006914139,-0.023062229
1.557822943,-0.539870816,1.09063375,-0.061511993,7.15E-05
1.567939043,-0.556369835,1.090121746,-0.05120039,-0.060480833
1.578042984,-0.572728374,1.089357257,-0.076448917,-0.053725243
1.588154078,-0.589085711,1.088615537,-0.07417202,-0.076221228
1.598257065,-0.605381557,1.087815404,-0.080013275,-0.074756145
1.608337879,-0.62109908,1.085729003,-0.208640099,-0.092875957
1.618437052,-0.637086574,1.084317327,-0.141167641,-0.201892853
1.628530979,-0.653063596,1.082982779,-0.1334548,-0.140396357
1.638597965,-0.6688423,1.081350684,-0.163209438,-0.136430264
1.648683071,-0.683843949,1.077796817,-0.355386734,-0.182427168
1.658768892,-0.699433114,1.075810313,-0.19865036,-0.339713097
1.668827057,-0.714883475,1.073696733,-0.21135807,-0.199921131
1.678939104,-0.730368968,1.071567655,-0.212907791,-0.211513042
1.688997984,-0.745621333,1.069191337,-0.237631798,-0.215380192
1.699137926,-0.759843966,1.064042807,-0.514853001,-0.265353918
1.70925498,-0.774982418,1.061410904,-0.263190269,-0.489686728
1.719376087,-0.78994847,1.058473468,-0.29374361,-0.266245604
1.72949791,-0.804825893,1.055459857,-0.301361084,-0.294505358
1.739619017,-0.81955588,1.052235246,-0.322461128,-0.303471088
1.749691963,-0.832849667,1.045770764,-0.646448135,-0.354859829
1.759809017,-0.847302028,1.042196035,-0.357472897,-0.617550611
1.769938946,-0.861734127,1.038694382,-0.350165367,-0.356742144
1.780045033,-0.875904224,1.03481102,-0.388336182,-0.353982449
1.790167093,-0.890006606,1.030882955,-0.39280653,-0.388783216
1.80025506,-0.902246625,1.022623181,-0.825977325,-0.43612361
1.810369968,-0.916047986,1.018361926,-0.426125526,-0.785992146
1.820486069,-0.929718238,1.013973832,-0.438809395,-0.427393913
1.830585003,-0.943252893,1.009523392,-0.445044041,-0.439432859
1.840694904,-0.955150129,1.001155376,-0.836801529,-0.48421979
1.850794077,-0.96790356,0.995191753,-0.596362352,-0.812757611
1.860887051,-0.980933424,0.990171671,-0.5020082,-0.586926937
1.870984077,-0.993818993,0.985011101,-0.516057014,-0.503413081
1.881067991,-1.006523706,0.97968787,-0.532323122,-0.517683625
1.891144991,-1.01697086,0.968992651,-1.069521904,-0.586043
1.901256084,-1.029342195,0.963236928,-0.575572252,-1.020126939
1.9113729,-1.041622873,0.957493961,-0.574296713,-0.575444698
1.921511889,-1.053780397,0.951630235,-0.586372614,-0.575504303
1.931619883,-1.065710074,0.945579648,-0.60505867,-0.58824122
1.941675901,-1.074952915,0.933271587,-1.230806112,-0.667633414
1.95183301,-1.086640621,0.927004039,-0.626754761,-1.170400977
1.961961985,-1.098537993,0.921649277,-0.535476208,-0.617626905
1.972090006,-1.109369813,0.913929522,-0.771975517,-0.559126139
1.982204914,-1.117821039,0.90060395,-1.332557201,-0.828033686
1.992311955,-1.12864581,0.893544674,-0.70592761,-1.269894242
2.002437115,-1.139372549,0.886491001,-0.705367327,-0.705871582
2.012548923,-1.149999832,0.879550338,-0.694066286,-0.704237223
2.022677898,-1.160306183,0.872073472,-0.747686625,-0.69942832
2.032783985,-1.167544022,0.857327998,-1.474547386,-0.820372701
2.042901039,-1.177501159,0.849678159,-0.764983892,-1.403591037
2.052988052,-1.18731817,0.842111588,-0.756657124,-0.764151216
2.063097,-1.196895434,0.834218562,-0.789302588,-0.75992167
2.073182106,-1.206320574,0.826367319,-0.785124302,-0.788884759
2.083261013,-1.212322782,0.810329378,-1.603794098,-0.866991282
2.093365908,-1.221326865,0.802073658,-0.825572014,-1.52597189
2.103477001,-1.230213336,0.793868363,-0.820529461,-0.825067759
2.113564968,-1.238824051,0.785410345,-0.84580183,-0.823056698
2.123647928,-1.243836897,0.768343747,-1.706659794,-0.931887627
2.133795977,-1.252143024,0.759698808,-0.864493847,-1.622443199
2.14388895,-1.260189318,0.750946283,-0.875252485,-0.865569711
2.153976917,-1.268054623,0.742141306,-0.880497694,-0.875777006
2.164037943,-1.275615622,0.733040214,-0.910109282,-0.883458853
2.174137115,-1.279496592,0.71502769,-1.801252365,-0.99922359
2.18424511,-1.286792074,0.705927789,-0.909990072,-1.712126136
2.194348097,-1.293755555,0.696416259,-0.95115304,-0.914106369
2.204447985,-1.300614716,0.687061071,-0.935518742,-0.94958961
2.214546919,-1.307269969,0.677611649,-0.944942236,-0.936461091
2.224657059,-1.309852705,0.658369899,-1.924175024,-1.042865515
2.234761953,-1.316067176,0.648642778,-0.97271204,-1.829028726
2.244893074,-1.322793397,0.640557051,-0.808572769,-0.956298113
2.255007029,-1.328660879,0.630797744,-0.975930691,-0.825308561
2.265085936,-1.334243462,0.620843232,-0.995451212,-0.977882743
2.275187016,-1.335582053,0.600663066,-2.018016577,-1.097707748
2.285283089,-1.340112756,0.588915706,-1.174736023,-1.933688521
2.295393944,-1.345702906,0.580228627,-0.868707895,-1.14413321
2.305506945,-1.34981367,0.568287849,-1.19407773,-0.901244879
2.315599918,-1.350740231,0.548882425,-1.940542459,-1.268724203
2.325709105,-1.355177835,0.538675725,-1.020669937,-1.848555207
2.335812092,-1.359277304,0.528096139,-1.057958603,-1.024398804
2.345918894,-1.36317229,0.517460346,-1.063579321,-1.058520675
2.356014013,-1.366713587,0.506429315,-1.103103161,-1.067531705
2.3661201,-1.366044694,0.48532033,-2.110898495,-1.203882694
2.376229048,-1.369217222,0.474282116,-1.103821397,-2.010190785
2.386338949,-1.372146207,0.463109165,-1.117295027,-1.10516876
2.39644289,-1.37512405,0.452547759,-1.056140661,-1.11117959
2.406557083,-1.377728804,0.441517353,-1.103040576,-1.060830653
2.41662693,-1.375492088,0.418942064,-2.257528901,-1.218489408
2.426743984,-1.377227342,0.406704038,-1.223802567,-2.154156268
2.436784029,-1.379212442,0.395701975,-1.100206375,-1.211442947
2.446890116,-1.381362866,0.385498881,-1.020309329,-1.092216671
2.457242012,-1.378001338,0.36164999,-2.384889126,-1.156767309
2.467319965,-1.37926044,0.350262612,-1.138737798,-2.260273993
2.477410078,-1.380290108,0.338781863,-1.148074865,-1.139671505
2.48751092,-1.381142,0.327342838,-1.14390254,-1.147657633
2.497643948,-1.381749278,0.31575501,-1.15878284,-1.14539057
2.507744074,-1.37762462,0.292886317,-2.286869287,-1.271591485
2.517853022,-1.377840572,0.281366467,-1.15198493,-2.173380852
2.527990103,-1.378178898,0.270631582,-1.073488593,-1.144135296
2.538091898,-1.377944639,0.259018034,-1.16135478,-1.082275212
2.548197985,-1.377490339,0.247363403,-1.16546303,-1.161765605
2.558273077,-1.372139119,0.224011868,-2.33515352,-1.282432079
2.568356991,-1.371157938,0.212091327,-1.192054152,-2.220843583
2.578478098,-1.370014378,0.20024915,-1.184217632,-1.1912705
2.588581085,-1.368378431,0.187712327,-1.253682375,-1.191164106
2.598892927,-1.362046336,0.16379793,-2.391439676,-1.367458105
2.608984947,-1.360612237,0.152827829,-1.097010076,-2.261996716
2.619081974,-1.358660727,0.141083419,-1.17444098,-1.104753166
2.629178047,-1.356337723,0.128934965,-1.214845479,-1.17848143
2.639271021,-1.353797715,0.116770744,-1.216422021,-1.215003133
2.649360895,-1.346187606,0.092458464,-2.431228012,-1.33790262
2.6594491,-1.343465509,0.080893137,-1.156532764,-2.303758487
2.669620037,-1.340134844,0.06830062,-1.259251684,-1.166804656
2.679760933,-1.33675239,0.056125,-1.21756196,-1.255082712
2.689847946,-1.333241884,0.044178348,-1.194665208,-1.215272285
2.699971914,-1.323897072,0.018165663,-2.601268515,-1.335325539
2.710078001,-1.320223398,0.006866836,-1.12988269,-2.454129932
2.720196962,-1.316799853,-0.003277139,-1.01439748,-1.118334169
2.730293989,-1.312672755,-0.014645474,-1.136833522,-1.026641084
2.74063611,-1.303272962,-0.038670894,-2.402541973,-1.263404367
2.750705957,-1.298521215,-0.050527304,-1.185641065,-2.280851882
2.760783911,-1.293515376,-0.062490385,-1.196308061,-1.186707765
2.770895958,-1.287528165,-0.076373674,-1.388328895,-1.215510145
2.780977964,-1.282306502,-0.087816611,-1.144293696,-1.363925375
2.791049957,-1.271833222,-0.111862317,-2.40457058,-1.270321384
2.80114603,-1.266041922,-0.123668805,-1.180648804,-2.282178402
2.811250925,-1.259901808,-0.135814935,-1.21461302,-1.184045225
2.821362019,-1.253593359,-0.147849679,-1.203474402,-1.213499159
2.831459999,-1.247171654,-0.15964362,-1.179394126,-1.201066375
2.841569901,-1.235637632,-0.183684632,-2.404101193,-1.301864833
2.85166502,-1.228737114,-0.195621818,-1.193718612,-2.283062935
2.861757994,-1.222105396,-0.206362471,-1.074065268,-1.181753278
2.87194705,-1.214332765,-0.219367638,-1.300516725,-1.096710414
2.882056952,-1.202421728,-0.242241293,-2.287365496,-1.399201602
2.892198086,-1.194709973,-0.254068702,-1.182740927,-2.176903039
2.902286053,-1.186782418,-0.265952498,-1.188379526,-1.183304787
2.912405968,-1.178703422,-0.277667761,-1.171526313,-1.186694205
2.922523975,-1.170381624,-0.289470315,-1.180255413,-1.172399223
2.932631969,-1.157340533,-0.312560976,-2.309066057,-1.293136477
2.942732096,-1.148695736,-0.324151665,-1.159068942,-2.194066346
2.952781916,-1.139780058,-0.335958481,-1.180681586,-1.161230206
2.962891102,-1.130731464,-0.347523123,-1.156464219,-1.17825985
2.972994089,-1.121439817,-0.359190375,-1.166725159,-1.157490313
2.983072996,-1.107450266,-0.38212198,-2.293160558,-1.279368699
2.993174076,-1.097810651,-0.393645167,-1.152318716,-2.179076374
3.003273964,-1.088022106,-0.405036628,-1.13914609,-1.151001453
3.013379097,-1.078140015,-0.416151375,-1.111474633,-1.136378944
3.02385211,-1.063082175,-0.439181298,-2.302992344,-1.230626404
3.033951044,-1.052766973,-0.450368613,-1.118731499,-2.184566259
3.044068098,-1.042173782,-0.461726964,-1.135835052,-1.120441854
3.054182053,-1.031489236,-0.472822815,-1.109585166,-1.133210063
3.064284086,-1.020675684,-0.483767539,-1.094472408,-1.10807389
3.074400902,-1.005115163,-0.506065905,-2.229836583,-1.208008826
3.084516048,-0.993875613,-0.51707679,-1.101088524,-2.116961777
3.094592094,-0.982514193,-0.527976215,-1.089942455,-1.099973917
3.104705095,-0.970770489,-0.539286077,-1.130986214,-1.094046831
3.114810944,-0.959225236,-0.549634039,-1.034796238,-1.121367216
3.124906063,-0.942965825,-0.571312428,-2.167838812,-1.148100495
3.135022879,-0.930934841,-0.58190614,-1.059371233,-2.056992054
3.145124912,-0.918693696,-0.59258455,-1.067841053,-1.060218215
3.1552701,-0.906297706,-0.603096366,-1.051181555,-1.066175103
3.165472031,-0.88953515,-0.623939872,-2.084350586,-1.154498458
3.175662041,-0.876759172,-0.634374321,-1.043444872,-1.980260015
3.185756922,-0.863862618,-0.644854009,-1.047968864,-1.043897271
3.195842981,-0.850934194,-0.654981673,-1.012766361,-1.044448614
3.205996037,-0.837716481,-0.665233731,-1.025205851,-1.01401031
3.216125965,-0.820328597,-0.685515463,-2.028173208,-1.125502586
3.226243019,-0.806951904,-0.695356131,-0.984066725,-1.92376256
3.236352921,-0.793340836,-0.705361426,-1.000529528,-0.985713005
3.24646306,-0.77966629,-0.715090871,-0.972944498,-0.997771025
3.256563902,-0.765804979,-0.724880278,-0.978940725,-0.973544121
3.266640902,-0.747933789,-0.744329333,-1.944905519,-1.075537205
3.276753902,-0.733800796,-0.75392133,-0.959199667,-1.846334934
3.28685689,-0.719567205,-0.763372898,-0.945156813,-0.957795382
3.296940088,-0.705196241,-0.7728073,-0.943440199,-0.944985151
3.307039976,-0.686987811,-0.791383386,-1.857608557,-1.034857035
3.317154884,-0.672328085,-0.80064261,-0.925922394,-1.76443994
3.327264071,-0.657570166,-0.809762239,-0.911962986,-0.924526453
3.337373018,-0.642710107,-0.818741918,-0.897967815,-0.910563469
3.347505093,-0.6276619,-0.827734768,-0.899285078,-0.898099542
3.357620955,-0.609076996,-0.84522754,-1.749277115,-0.984284282
3.367723942,-0.593879691,-0.853906274,-0.86787343,-1.661136746
3.377854109,-0.578517959,-0.862538755,-0.86324811,-0.867410898
3.387957096,-0.563102277,-0.871013343,-0.847458839,-0.861669183
3.398084879,-0.547539188,-0.879414022,-0.840067863,-0.846719742
3.408158064,-0.528612223,-0.896027625,-1.661360264,-0.922197104
3.418241978,-0.512945572,-0.904101849,-0.8074224,-1.575966477
3.428355932,-0.497065906,-0.912263334,-0.81614852,-0.808295012
3.438453913,-0.481177693,-0.92014873,-0.788539648,-0.813387632
3.44888711,-0.461664167,-0.935681581,-1.553285122,-0.865014195
3.458961964,-0.445572917,-0.943459809,-0.777822733,-1.475738883
3.469060898,-0.429399302,-0.95103544,-0.757563114,-0.775796771
3.479177952,-0.413139164,-0.958441496,-0.740605593,-0.755867362
3.489289045,-0.396739015,-0.965895593,-0.745409727,-0.741086006
3.499391079,-0.377466325,-0.980245471,-1.434987783,-0.814367533
3.509495974,-0.361011562,-0.987230778,-0.698530674,-1.361342072
3.519582987,-0.344409367,-0.994341195,-0.711041689,-0.699781775
3.529690027,-0.327829252,-1.001029134,-0.668793917,-0.706816912
3.539788008,-0.31103273,-1.007995963,-0.69668293,-0.671582818
3.549890995,-0.291683349,-1.021039844,-1.304388046,-0.757453442
3.559974909,-0.274919937,-1.027404189,-0.636434555,-1.237592697
3.570070028,-0.258019204,-1.033796549,-0.639235973,-0.636714697
3.580173016,-0.241056316,-1.040045857,-0.624930859,-0.637805462
3.590420961,-0.221433257,-1.052156329,-1.211047173,-0.68354249
3.600537062,-0.204443643,-1.057897329,-0.574100018,-1.147352457
3.610625029,-0.187313927,-1.063838243,-0.594091415,-0.576099157
3.62074399,-0.170192198,-1.069398522,-0.556027889,-0.590285063
3.630858898,-0.152920254,-1.075107694,-0.57091713,-0.557516813
3.640938044,-0.133578292,-1.085890174,-1.078248024,-0.621650219
3.651042938,-0.116408219,-1.090918303,-0.502812862,-1.020704508
3.661128998,-0.099144236,-1.096029639,-0.511133671,-0.503644943
3.671238899,-0.081799484,-1.10103631,-0.500667095,-0.510087013
3.681355953,-0.064382678,-1.105985045,-0.494873524,-0.500087738
3.691426992,-0.045141316,-1.11546731,-0.948226452,-0.540208817
3.701513052,-0.027824414,-1.119883657,-0.441634655,-0.897567272
3.711630106,-0.010330589,-1.124430895,-0.454723835,-0.442943573
3.721724987,0.007044506,-1.128581882,-0.415098667,-0.450761318
3.731822968,0.024492585,-1.132724404,-0.414252281,-0.415014029
3.741897106,0.043535795,-1.140776038,-0.805163383,-0.453343391
3.752002954,0.061015374,-1.144627929,-0.385189056,-0.763165951
3.762129068,0.07857804,-1.148447156,-0.381922722,-0.384862423
3.772233009,0.096010936,-1.151876092,-0.3428936,-0.37801981
3.782345057,0.114847204,-1.158634067,-0.675797462,-0.376183987
3.792475939,0.132367779,-1.161886573,-0.325250626,-0.640742779
3.802583933,0.149879509,-1.165074348,-0.318777561,-0.324603319
3.812700033,0.167376221,-1.168064356,-0.29900074,-0.316799879
3.822815895,0.184882808,-1.170958877,-0.289452076,-0.298045874
3.832890987,0.203390047,-1.176405907,-0.544703007,-0.314977169
3.843008995,0.220838106,-1.178923368,-0.251746178,-0.515407324
3.853111029,0.238252535,-1.181320548,-0.23971796,-0.250543356
3.863234997,0.255642149,-1.18347168,-0.215113163,-0.237257481
3.873353004,0.27305176,-1.185609102,-0.213742256,-0.214976072
3.883430958,0.29115983,-1.189575672,-0.39665699,-0.23203373
3.893536091,0.308456659,-1.191328406,-0.175273418,-0.374518633
3.903644085,0.32582092,-1.19317019,-0.184178352,-0.176163912
3.913752079,0.343023648,-1.194547057,-0.137686729,-0.17952919
3.923939943,0.360993263,-1.197457194,-0.291013718,-0.153019428
3.934106112,0.378185907,-1.198466182,-0.100898743,-0.27200222
3.944253922,0.395385067,-1.199526072,-0.105988979,-0.101407766
3.954395056,0.412522297,-1.200424433,-0.089836121,-0.104373693
3.96448493,0.429553774,-1.201243162,-0.08187294,-0.089039803
3.974600077,0.446786657,-1.202440262,-0.119709969,-0.085656643
3.984711885,0.463702913,-1.202845812,-0.040555,-0.111794472
3.994813919,0.480543891,-1.203096628,-0.025081635,-0.039007664
4.004925013,0.497385593,-1.203311443,-0.021481514,-0.024721622
4.01500988,0.514182018,-1.203528166,-0.021672249,-0.021500587
4.025160074,0.530813523,-1.20307529,0.045287609,-0.014976263
4.035248995,0.547263782,-1.202443004,0.063228607,0.047081709
4.045370102,0.563988651,-1.20239079,0.005221367,0.057427883
4.05547595,0.580455767,-1.20179081,0.059998035,0.010699034
4.065582037,0.596477561,-1.200116754,0.167405605,0.070738792
4.075692892,0.612822081,-1.199276805,0.083994865,0.159064531
4.085794926,0.62903918,-1.198208332,0.106847286,0.086280107
4.095912933,0.645114973,-1.196781278,0.142705441,0.110433102
4.106024981,0.661208347,-1.195489883,0.129139423,0.141348839
4.116127014,0.676525062,-1.192371726,0.311815739,0.147407055
4.126240015,0.692281922,-1.190389514,0.198221207,0.300456285
4.136364937,0.708142723,-1.188705802,0.168371201,0.195236206
4.146465063,0.723867193,-1.186876297,0.182950497,0.16982913
4.156605959,0.738513929,-1.182287335,0.45889616,0.210545063
4.166661978,0.753867856,-1.179917693,0.236964226,0.436702967
4.176760912,0.769157305,-1.177326202,0.259149075,0.239182711
4.186848879,0.784380168,-1.174732447,0.259375572,0.259171724
4.196934938,0.799451871,-1.171894789,0.283765793,0.261814594
4.207011938,0.813193253,-1.16590035,0.599443913,0.315333605
4.217163086,0.828113381,-1.162696481,0.320386887,0.57153821
4.227241993,0.842837741,-1.159437537,0.325894356,0.320937634
4.237361908,0.857514395,-1.156049252,0.338828564,0.327187777
4.247463942,0.872018983,-1.152460933,0.358831882,0.340828896
4.257566929,0.88490639,-1.144991517,0.746941566,0.397642851
4.267683983,0.89915619,-1.141045213,0.394630432,0.711710453
4.277806044,0.913293811,-1.136977911,0.406730175,0.395840406
4.287914991,0.92729792,-1.132812977,0.416493416,0.407706499
4.298012018,0.941108082,-1.128400326,0.441265106,0.418970585
4.308084011,0.952955766,-1.119374394,0.902593136,0.487397909
4.318197012,0.96655245,-1.114767194,0.460720062,0.858405828
4.328304052,0.979967953,-1.109939814,0.482738018,0.462921858
4.3384161,0.993231291,-1.104929328,0.501048565,0.484569073
4.348654032,1.004556954,-1.094826221,1.01031065,0.551974773
4.358750105,1.017486207,-1.08949399,0.533223152,0.9626019
4.368825912,1.030133665,-1.083766222,0.572776794,0.537178516
4.378935099,1.042847591,-1.078321218,0.544500351,0.56994915
4.389024019,1.055348016,-1.072663069,0.565814972,0.546631813
4.399126053,1.065338572,-1.060934424,1.172864437,0.626519918
4.409228086,1.077531629,-1.054970264,0.596415997,1.115219593
4.419337034,1.089583472,-1.048892498,0.607776642,0.597552061
4.429436922,1.101395101,-1.042516589,0.637590885,0.610758066
4.439548016,1.113044145,-1.035970449,0.654613972,0.639293194
4.449651003,1.121943821,-1.022861123,1.310932636,0.720245838
4.459750891,1.133274399,-1.01612699,0.673413277,1.2471807
4.469853878,1.144470501,-1.009338737,0.678825378,0.673954487
4.479963064,1.155434423,-1.002247453,0.70912838,0.681855679
4.490062952,1.166205713,-0.995010316,0.723713636,0.710586905
4.500118017,1.173990325,-0.980765402,1.424491405,0.793791413
4.510243893,1.1844397,-0.973260343,0.750505924,1.357092857
4.520392895,1.194788848,-0.965750873,0.750946999,0.750550032
4.530513048,1.20489383,-0.958053231,0.769764185,0.752828717
4.540636063,1.211744047,-0.942541718,1.551151276,0.847902894
4.550755024,1.221450081,-0.934520304,0.802141428,1.476250291
4.560865879,1.231024924,-0.926539004,0.798130035,0.801740289
4.570972919,1.240402201,-0.918422878,0.811612606,0.799478292
4.581052065,1.24947424,-0.90998137,0.844150782,0.814866424
4.59116292,1.255149134,-0.893305898,1.667547226,0.926490426
4.601259947,1.26388466,-0.884685814,0.862008333,1.586993337
4.611372948,1.272488484,-0.876055419,0.863039494,0.862111449
4.621484995,1.280879288,-0.867267549,0.878787041,0.864614248
4.631584883,1.289018336,-0.85826242,0.900512934,0.88095963
4.641690969,1.293390439,-0.840203106,1.80593133,0.991054773
4.651806116,1.301123421,-0.83090651,0.929659605,1.718304157
4.66189599,1.308711459,-0.821708918,0.919759274,0.928669572
4.672101021,1.316187665,-0.812310934,0.939798355,0.921763182
4.682272911,1.319644626,-0.793361604,1.894932985,1.035311818
4.69235611,1.32652544,-0.783616543,0.97450614,1.802890301
4.702491045,1.333363981,-0.774037302,0.957924128,0.972847939
4.712608099,1.339939333,-0.764261186,0.977611542,0.959892869
4.722701073,1.346230488,-0.754253387,1.000779867,0.979928374
4.732806921,1.348377137,-0.734272361,1.998102665,1.100512147
4.742913008,1.354280302,-0.724107265,1.016509533,1.899943352
4.753020048,1.359956651,-0.713802099,1.030516624,1.017910242
4.763122082,1.365459392,-0.703508019,1.029407978,1.03040576
4.773241997,1.370764328,-0.693114758,1.039326191,1.030399799
4.78331399,1.371503117,-0.671857119,2.125763893,1.147969961
4.793421984,1.376408968,-0.661378562,1.047855616,2.017973065
4.803523064,1.380972203,-0.650507033,1.087152958,1.05178535
4.813642979,1.385467172,-0.639876008,1.063102484,1.084747911
4.823777914,1.385280194,-0.617965341,2.191066742,1.17589891
4.833889008,1.389245735,-0.60694629,1.101905108,2.082150579
4.844007015,1.393087922,-0.596067727,1.087856293,1.100500226
4.854108095,1.396575473,-0.58480233,1.126539707,1.091724634
4.864212036,1.399946235,-0.573707819,1.109451056,1.124830842
4.874319077,1.398434579,-0.55087322,2.283459902,1.22685194
4.884422064,1.401416872,-0.53975594,1.111727953,2.166286707
4.894531965,1.404111833,-0.528385818,1.137012243,1.114256382
4.904654026,1.406702037,-0.517214179,1.117163897,1.135027409
4.914758921,1.40877408,-0.505261123,1.195305586,1.124978065
4.924841881,1.406098874,-0.481961966,2.329915762,1.308766603
4.934942007,1.407885422,-0.470277131,1.168483496,2.213772535
4.945039988,1.409433887,-0.458491594,1.1785537,1.169490516
4.955152035,1.410788405,-0.446693957,1.179763675,1.178674698
4.96549511,1.407295553,-0.422945559,2.374839783,1.299271286
4.97556901,1.40817597,-0.411023766,1.192179322,2.256573737
4.98567605,1.408873821,-0.399099857,1.192390919,1.192200482
4.995790958,1.409329247,-0.387063622,1.203623414,1.193514168
5.005897045,1.409514328,-0.374869049,1.219457388,1.205206811
5.016002893,1.404695739,-0.350673437,2.419561148,1.339467764
5.026129007,1.404436502,-0.338363171,1.231026649,2.300707698
5.036231041,1.404035371,-0.326237798,1.212537289,1.229177713
5.046331882,1.403392531,-0.314022452,1.22153461,1.213437021
5.056451082,1.402951279,-0.302807868,1.121458411,1.21152699
5.066523075,1.396615446,-0.277418554,2.53893137,1.263205707
5.076643944,1.395097927,-0.264547318,1.287123561,2.413750589
5.086752892,1.393547067,-0.252123863,1.242345572,1.282645762
5.09683609,1.392042579,-0.240357623,1.176624,1.235773414
5.106960058,1.390369099,-0.228659838,1.169778407,1.175939441
5.117049932,1.383236777,-0.203863174,2.479666471,1.300767213
5.127230883,1.380548191,-0.190643236,1.321993768,2.363899201
5.137322903,1.378237915,-0.178952575,1.169066131,1.306701005
5.147413969,1.375329751,-0.166293055,1.265951991,1.178754717
5.157562017,1.36671382,-0.139864296,2.64287591,1.403644383
5.167702913,1.363447597,-0.127345592,1.251870394,2.503775358
5.17782402,1.360525525,-0.116227053,1.111853868,1.237868741
5.187948942,1.356847878,-0.103749834,1.24772191,1.125440672
5.198071003,1.352929357,-0.091203459,1.254637539,1.248413473
5.208142042,1.343706318,-0.0659381,2.526535839,1.381827369
5.21826911,1.33940421,-0.053494669,1.244343072,2.398316562
5.228374004,1.334857623,-0.040975612,1.251905784,1.245099343
5.23845005,1.329762318,-0.027617257,1.335835457,1.260298751
5.248665094,1.324773882,-0.015057055,1.256020181,1.327853929
5.258774042,1.314919776,0.009131582,2.418863773,1.37230454
5.268872976,1.309516783,0.021661719,1.253013685,2.302278765
5.278982878,1.303878258,0.034248024,1.258630492,1.253575366
5.28909111,1.298058721,0.046755593,1.250756904,1.257843133
5.299197912,1.287036807,0.071738362,2.498276904,1.375508904
5.309303999,1.280846244,0.084112413,1.237405092,2.372189723
5.319412947,1.274407119,0.096576765,1.246435195,1.238308102
5.32951498,1.267800068,0.108934246,1.235748082,1.245366484
5.339617968,1.260945657,0.121381335,1.244708896,1.236644164
5.349716902,1.248963424,0.146122515,2.474118024,1.367649809
5.359826088,1.241688099,0.158563927,1.244141161,2.351120338
5.369949102,1.23424553,0.170887962,1.232403517,1.242967397
5.380055904,1.226623634,0.183144674,1.225671172,1.231730282
5.390172005,1.218769651,0.19545044,1.230576634,1.226161718
5.400244951,1.205846286,0.219940305,2.448986471,1.352417618
5.410368919,1.197583393,0.232217193,1.227688789,2.326856703
5.42049408,1.189187809,0.244302571,1.208537817,1.225773692
5.430605888,1.180564427,0.256449372,1.214680076,1.209152043
5.440711021,1.166994529,0.280451238,2.400186658,1.333230734
5.450807095,1.157942924,0.292651296,1.220005751,2.282168567
5.46092391,1.148764237,0.304632992,1.198169589,1.217822134
5.471029997,1.139401248,0.316574484,1.194149256,1.197767556
5.481131077,1.129799697,0.328607976,1.203349233,1.195069253
5.49123311,1.115281718,0.35242331,2.381533384,1.321167648
5.501346111,1.105385762,0.364163101,1.173979044,2.26077795
5.511462927,1.095270902,0.375939846,1.177674532,1.174348593
5.521593094,1.084983202,0.387626559,1.16867125,1.176774204
5.531691074,1.074514417,0.399310589,1.168403029,1.168644428
5.541795015,1.059210347,0.422576994,2.326640487,1.284226775
5.551907063,1.048411571,0.434072524,1.149553061,2.208931744
5.562017918,1.037418849,0.445561528,1.14890039,1.149487793
5.572124004,1.026217135,0.457090288,1.152876019,1.149297953
5.582226038,1.010350657,0.479800373,2.271008492,1.264689267
5.592335939,0.998821707,0.491168499,1.136812568,2.157588899
5.602437973,0.9871406,0.502448857,1.128035784,1.135934889
5.612540007,0.975320146,0.513598919,1.115006208,1.126732826
5.6226511,0.963327709,0.524686098,1.108717918,1.114377379
5.632761002,0.946760631,0.546738684,2.205258608,1.218371987
5.642865896,0.934473811,0.557630301,1.089161634,2.093648911
5.652951002,0.921999857,0.568563342,1.093304157,1.089575887
5.663038015,0.90935654,0.579454303,1.089096069,1.092883348
5.673209906,0.896486271,0.590274155,1.081985235,1.088384986
5.683408976,0.879240542,0.611511111,2.123695612,1.186156273
5.693469048,0.866189518,0.622107327,1.059621572,2.017288208
5.703628063,0.85293057,0.632554591,1.044726372,1.058132052
5.713756084,0.839513826,0.643017054,1.04624629,1.044878364
5.723836899,0.821948018,0.663518727,2.050167322,1.146638393
5.733932972,0.80830508,0.673740566,1.022183895,1.947368979
5.744036913,0.794501323,0.683911622,1.017105579,1.021676064
5.754136086,0.780564956,0.693995535,1.00839138,1.016234159
5.764241934,0.766524903,0.703895807,0.990027189,1.006554961
5.774353027,0.748400254,0.723571599,1.967579126,1.087782383
5.784460068,0.734111263,0.733249903,0.96783042,1.867604256
5.794576883,0.719603786,0.743034303,0.978440046,0.968891382
5.804687977,0.705005358,0.752650559,0.961625576,0.976758599
5.814795971,0.690350234,0.762010932,0.936037302,0.959066749
5.824915886,0.671715477,0.780886114,1.887518168,1.031185389
5.835014105,0.656841346,0.790022552,0.913643837,1.790130734
5.845118999,0.641791232,0.799188375,0.916582346,0.913937688
5.855221033,0.626615914,0.808287859,0.909948349,0.915918946
5.865849018,0.607186739,0.826107502,1.781964302,0.997149944
5.875942945,0.591918387,0.834683239,0.857573748,1.689525247
5.886059046,0.576354116,0.843560159,0.887691975,0.86058557
5.896186113,0.560752511,0.852128088,0.856792927,0.88460207
5.906306982,0.545069578,0.860553265,0.842517614,0.855365396
5.916378975,0.525934397,0.877400696,1.684743166,0.92674017
5.926486969,0.510075497,0.885593593,0.819289684,1.598197818
5.936597109,0.494142811,0.893615544,0.802195072,0.817580223
5.946702003,0.478061854,0.901681304,0.806576014,0.802633166
5.956810951,0.461887653,0.909628987,0.794768333,0.805395246
5.966881037,0.442586389,0.925188005,1.555901766,0.870881677
5.976984024,0.425804613,0.934014559,0.882655382,1.488577127
5.987098932,0.40986923,0.940363348,0.634878874,0.857877731
5.997189999,0.393427036,0.947741747,0.737839937,0.64517498
6.007354975,0.373869096,0.962348521,1.460677385,0.810123682
6.017462015,0.357322451,0.969315588,0.696706772,1.384280324
6.027571917,0.340661856,0.976257205,0.694161654,0.69645226
6.037693024,0.323817169,0.983325064,0.706785917,0.69542408
6.047795057,0.307075385,0.98991251,0.658744574,0.701981783
6.057904959,0.287501348,1.003269553,1.335704327,0.726440549
6.068005085,0.270587557,1.009732842,0.646328926,1.266766787
6.078125,0.253584122,1.016077638,0.634479523,0.645143986
6.088234901,0.236556797,1.022251487,0.617384911,0.632770061
6.098349094,0.219422292,1.02841723,0.616574287,0.617303848
6.10845089,0.199905653,1.040328979,1.191174984,0.674034357
6.118556023,0.182799851,1.045953155,0.562417507,1.128299236
6.128681898,0.165545193,1.051630139,0.567698479,0.562945604
6.138789892,0.148249798,1.05723846,0.560832024,0.567011833
6.148855925,0.128810872,1.068132877,1.089441776,0.613692999
6.158962011,0.111525462,1.073269725,0.51368475,1.031866074
6.169044971,0.094212392,1.078345537,0.507581234,0.513074398
6.179227114,0.076691797,1.083350301,0.50047636,0.506870747
6.189316988,0.059213049,1.088396072,0.50457716,0.50088644
6.199445963,0.039940891,1.097575665,0.917959213,0.545915365
6.209577084,0.022428635,1.102153182,0.457751751,0.871938467
6.219670057,0.004986729,1.106515765,0.436258316,0.455602407
6.229780912,-0.012475451,1.11067903,0.416326523,0.434265137
6.239881039,-0.030007439,1.114884734,0.420570374,0.416750908
6.249972105,-0.049057208,1.122753143,0.786840916,0.457197428
6.260032892,-0.066476924,1.126505613,0.375247002,0.745681524
6.270133018,-0.083980586,1.130157948,0.365233421,0.374245644
6.280225992,-0.101465075,1.133642673,0.348472595,0.363557339
6.290342093,-0.120330852,1.140346408,0.67037344,0.38066268
6.300427914,-0.13781619,1.143585086,0.323867798,0.635722876
6.310540915,-0.155309776,1.146606445,0.302135944,0.321694613
6.320642948,-0.172781348,1.149494648,0.288820267,0.300804377
6.330754042,-0.190316491,1.152389407,0.289475918,0.288885832
6.340876102,-0.208803128,1.157509089,0.511968136,0.31172514
6.350992918,-0.226257374,1.15996635,0.245726109,0.485343933
6.361088037,-0.243706014,1.162402153,0.243580341,0.245511532
6.371196032,-0.261052695,1.164441347,0.203919411,0.239614248
6.381298065,-0.278437792,1.16651845,0.207710266,0.204298496
6.391371965,-0.296459252,1.170226216,0.370776653,0.224016905
6.401489019,-0.313749777,1.171860337,0.163412094,0.350040197
6.411603928,-0.331031586,1.17341888,0.155854225,0.162656307
6.421725035,-0.348245934,1.174727321,0.130844116,0.153353214
6.431864977,-0.365541543,1.176111937,0.13846159,0.131605864
6.441977978,-0.383102272,1.17822814,0.211620331,0.145777464
6.452074051,-0.400200767,1.17922318,0.099503994,0.200408697
6.462184906,-0.417206975,1.179897547,0.067436695,0.096297264
6.472276926,-0.434170365,1.180520773,0.062322617,0.066925287
6.482381105,-0.451272793,1.181425929,0.090515614,0.065141916
6.492479086,-0.468140024,1.181760192,0.033426285,0.084806681
6.502578974,-0.484929707,1.181890845,0.013065338,0.03139019
6.512693882,-0.501672029,1.181845784,-0.004506111,0.011308193
6.522789955,-0.518315539,1.181643367,-0.020241737,-0.006079674
6.532860994,-0.534729729,1.180989623,-0.065374374,-0.024755001
6.542975903,-0.551235878,1.180409312,-0.058031082,-0.064640045
6.553071022,-0.56769459,1.179824114,-0.05851984,-0.058079958
6.563189983,-0.584091951,1.17902565,-0.079846382,-0.060652494
6.573304892,-0.600410129,1.178091407,-0.09342432,-0.081204176
6.583374977,-0.61609655,1.175814509,-0.227689743,-0.106850863
6.593496084,-0.632257767,1.174573183,-0.124132633,-0.217334032
6.603604078,-0.648249396,1.173027396,-0.154578686,-0.127177238
6.61371088,-0.664225443,1.171519756,-0.150763988,-0.154197216
6.624212027,-0.679964803,1.167886853,-0.36329031,-0.172016621
6.634315014,-0.695672195,1.165891051,-0.199580193,-0.346919298
6.644418955,-0.711300833,1.163786888,-0.210416317,-0.200663805
6.654517889,-0.726810286,1.161504149,-0.228273869,-0.212202072
6.664603949,-0.742220321,1.159130573,-0.237357616,-0.229182243
6.674706936,-0.756499248,1.153972745,-0.515782833,-0.265200138
6.684806108,-0.771734486,1.151339889,-0.263285637,-0.490533113
6.694911003,-0.78681697,1.148427486,-0.291240215,-0.266081095
6.705018044,-0.801745853,1.145254493,-0.317299366,-0.29384613
6.715125084,-0.81665025,1.142158866,-0.309562683,-0.316525698
6.725222111,-0.830036601,1.135452986,-0.670588017,-0.345665216
6.735322952,-0.844648596,1.131947398,-0.350558758,-0.638585091
6.745429993,-0.859124209,1.128234267,-0.371313095,-0.352634192
6.755534887,-0.87346944,1.124368072,-0.386619568,-0.372843742
6.765654087,-0.886169675,1.116504312,-0.786375999,-0.426595211
6.775770903,-0.900273368,1.112336159,-0.416815281,-0.749419928
6.78589201,-0.914181555,1.107846618,-0.448954105,-0.420029163
6.79599309,-0.928003061,1.103407979,-0.443863869,-0.448445082
6.806124926,-0.941752327,1.09886694,-0.454103947,-0.444887877
6.816236973,-0.953456306,1.089491606,-0.937533379,-0.50244689
6.826344013,-0.966830116,1.08451879,-0.497281551,-0.893508196
6.836451054,-0.980066875,1.079418302,-0.510048866,-0.498558283
6.846554995,-0.993284787,1.074503422,-0.49148798,-0.508192778
6.856662035,-1.006212913,1.069079638,-0.542378426,-0.496577024
6.866744041,-1.016814873,1.058166385,-1.091325283,-0.597273111
6.876843929,-1.029369262,1.052306652,-0.585973263,-1.040790081
6.886962891,-1.04189932,1.04656148,-0.57451725,-0.584827662
6.897059917,-1.05422302,1.04063189,-0.592958927,-0.576361418
6.907166004,-1.064001873,1.028564334,-1.206755638,-0.654338598
6.917275906,-1.075988872,1.022266626,-0.629770756,-1.14905715
6.927382946,-1.087772162,1.015738964,-0.652766228,-0.632070303
6.937500954,-1.099541452,1.009412527,-0.6326437,-0.650753975
6.947604895,-1.11106041,1.00279057,-0.662195683,-0.635598898
6.957710981,-1.120082058,0.990204036,-1.258653402,-0.721841455
6.967814922,-1.130819195,0.98220551,-0.79985261,-1.212773323
6.977924109,-1.141822833,0.975152791,-0.705271959,-0.790394545
6.98804903,-1.152662849,0.967941225,-0.721156597,-0.706860423
6.998145103,-1.163291043,0.960606337,-0.733488798,-0.722389817
7.008245945,-1.170845079,0.945883751,-1.472258568,-0.807365775
7.018352032,-1.181074298,0.938151121,-0.773262978,-1.402359009
7.028461933,-1.191239331,0.930570543,-0.758057833,-0.771742463
7.038563967,-1.2011171,0.922627568,-0.794297457,-0.761681795
7.049072027,-1.208173069,0.906674087,-1.59534812,-0.874402523
7.059145927,-1.217622698,0.898438692,-0.823539495,-1.518167257
7.069248915,-1.226999645,0.890274942,-0.816375017,-0.822823048
7.079365015,-1.23614111,0.881833076,-0.844186544,-0.81915617
7.08947897,-1.24511079,0.873325169,-0.850790739,-0.844846964
7.099577904,-1.25044413,0.856133282,-1.71918869,-0.937630534
7.109688044,-1.259052067,0.84746021,-0.867307186,-1.63400054
7.119797945,-1.267411224,0.838537157,-0.892305374,-0.869807005
7.129868984,-1.27557552,0.829615474,-0.892168283,-0.892291665
7.139976978,-1.283615624,0.820655644,-0.895982981,-0.892549753
7.150062084,-1.287730811,0.802333355,-1.832228899,-0.989607573
7.160146952,-1.295354233,0.793170512,-0.916284323,-1.740634441
7.170337915,-1.302861186,0.783818543,-0.935196877,-0.918175578
7.180440903,-1.310051166,0.774317265,-0.95012784,-0.936689973
7.190578938,-1.313288719,0.755244792,-1.907247305,-1.045839787
7.200710058,-1.320111768,0.745564461,-0.968033075,-1.813325882
7.210839033,-1.326726877,0.735783875,-0.978058577,-0.969035625
7.220946074,-1.333122309,0.725927889,-0.985598564,-0.978812575
7.231046915,-1.339336722,0.716055334,-0.987255573,-0.985764265
7.241148949,-1.341350842,0.696103215,-1.99521184,-1.0880512
7.251255035,-1.347089787,0.685881615,-1.022160053,-1.897906661
7.26135993,-1.352694718,0.675760329,-1.012128592,-1.021156907
7.271486044,-1.358054698,0.665413678,-1.034665108,-1.014382243
7.281596899,-1.363198407,0.65500313,-1.041054726,-1.03530407
7.29169488,-1.363987877,0.634180188,-2.082294226,-1.145178676
7.301812887,-1.368683894,0.623526692,-1.065349579,-1.980599761
7.311925888,-1.37321341,0.612920046,-1.060664654,-1.064881086
7.322026968,-1.377520664,0.602238238,-1.068180799,-1.061416268
7.332617044,-1.377734807,0.58077693,-2.1461308,-1.1759758
7.342714071,-1.381630608,0.570016086,-1.076084375,-2.039126158
7.352777958,-1.385855992,0.560608506,-0.94075799,-1.062551737
7.362884045,-1.389283235,0.549589217,-1.101928949,-0.956875086
7.372956038,-1.391899796,0.53707844,-1.251077652,-1.11684382
7.38303709,-1.390475977,0.514921606,-2.21568346,-1.347538233
7.393199921,-1.393291039,0.50369215,-1.122945547,-2.106409669
7.403340101,-1.395923004,0.492529988,-1.116216183,-1.122272611
7.41343689,-1.398269635,0.481213957,-1.131603122,-1.117754877
7.423609018,-1.39637586,0.459659427,-2.155452967,-1.233988106
7.433717966,-1.398331101,0.448322594,-1.133683324,-2.053276002
7.443830013,-1.400244594,0.437368423,-1.095417142,-1.129856706
7.453929901,-1.401614817,0.42556873,-1.179969311,-1.103872359
7.464041948,-1.402972258,0.414215535,-1.135319471,-1.175504327
7.474262953,-1.399501859,0.391141415,-2.307412028,-1.252528727
7.484330893,-1.400138732,0.379052281,-1.208913326,-2.197562158
7.494451046,-1.400755649,0.36734581,-1.170647144,-1.205086708
7.504563093,-1.401158812,0.355621904,-1.17239058,-1.170821488
7.514668942,-1.401274046,0.343693703,-1.192820072,-1.174433529
7.524781942,-1.396684503,0.320504993,-2.318871021,-1.305425167
7.534885883,-1.39636897,0.308523268,-1.198172569,-2.206801176
7.545005083,-1.395899138,0.296653092,-1.18701756,-1.197057068
7.555119991,-1.395197289,0.284723401,-1.192969084,-1.187612712
7.565582991,-1.389172768,0.259681433,-2.504196763,-1.324091852
7.575695992,-1.38856812,0.249050915,-1.06305182,-2.360082269
7.585804939,-1.387148678,0.236907169,-1.214374602,-1.078184098
7.595918894,-1.385610046,0.224982962,-1.192420721,-1.212179214
7.606012106,-1.383742727,0.212775201,-1.220776141,-1.195256263
7.616084099,-1.376990065,0.188890561,-2.388463914,-1.337544918
7.626190901,-1.374864913,0.177074403,-1.181615889,-2.267779112
7.636300087,-1.371802308,0.163439125,-1.363527775,-1.199807078
7.646411896,-1.369134585,0.151316777,-1.212234795,-1.348398477
7.656524897,-1.366304105,0.139315218,-1.200155914,-1.211026907
7.666629076,-1.359157362,0.117055751,-2.225946635,-1.302734986
7.676721096,-1.355520296,0.104103744,-1.295200735,-2.132872045
7.68691802,-1.351855449,0.091578715,-1.252502948,-1.290930957
7.697005033,-1.348378887,0.080091819,-1.148689538,-1.242121607
7.707062006,-1.339201015,0.054886363,-2.520545572,-1.285875142
7.717206001,-1.335006116,0.042651586,-1.223477721,-2.390838787
7.727309942,-1.330877826,0.031122455,-1.152913086,-1.216421258
7.737421036,-1.325879605,0.01794957,-1.31728854,-1.169350632
7.747550011,-1.320914019,0.005390711,-1.255885931,-1.311148279
7.757652044,-1.311380482,-0.018055635,-2.344634524,-1.36476079
7.767755985,-1.305524669,-0.031776212,-1.372057758,-2.247376847
7.777890921,-1.300240462,-0.043531224,-1.175501198,-1.352402102
7.787997961,-1.295490834,-0.053421684,-0.989045948,-1.156855673
7.798129082,-1.289713164,-0.065344565,-1.192288101,-1.009370163
7.808212042,-1.278833762,-0.089504376,-2.415981144,-1.314657405
7.818303108,-1.272607412,-0.101500839,-1.199646294,-2.294347659
7.828435898,-1.266171612,-0.11347498,-1.1974141,-1.199423075
7.838551998,-1.259536975,-0.125422686,-1.194770634,-1.197149754
7.848865986,-1.247895078,-0.149253055,-2.383036911,-1.313597262
7.858980894,-1.239982928,-0.163327515,-1.407445967,-2.285477817
7.869087934,-1.233628999,-0.172984257,-0.965674222,-1.363268793
7.879187107,-1.225305367,-0.187045321,-1.406106353,-1.009717435
7.889321089,-1.218504964,-0.196748853,-0.970353186,-1.362531036
7.899422884,-1.205307666,-0.221944377,-2.51955241,-1.125273108
7.909540892,-1.197638055,-0.232785583,-1.084120572,-2.376009226
7.919668913,-1.189377742,-0.244572863,-1.178728044,-1.093581319
7.929800034,-1.180909928,-0.25635469,-1.178182662,-1.178673506
7.939908981,-1.172271894,-0.26806426,-1.170957088,-1.177460104
7.950002909,-1.158831564,-0.291279227,-2.321496606,-1.28601104
7.960155964,-1.149992967,-0.302411526,-1.11322999,-2.200669944
7.97032094,-1.140669932,-0.314223915,-1.18123889,-1.12003088
7.980464935,-1.131224966,-0.325849891,-1.162597537,-1.179374754
7.990557909,-1.116965747,-0.349063158,-2.321326733,-1.278470457
8.00067997,-1.107291183,-0.360271424,-1.120826602,-2.20127672
8.010752916,-1.097345972,-0.371716797,-1.14453733,-1.123197675
8.020837069,-1.08723681,-0.383057177,-1.134037972,-1.143487394
8.030950069,-1.076877503,-0.39448294,-1.142576337,-1.134891808
8.041052103,-1.061870821,-0.417045146,-2.256220579,-1.253940761
8.051162004,-1.051207339,-0.428242117,-1.119697094,-2.142568231
8.061254978,-1.040400357,-0.439331681,-1.108956337,-1.118623018
8.071367025,-1.029389275,-0.450410932,-1.107925177,-1.108853221
8.081492901,-1.018146632,-0.461557329,-1.11463964,-1.108596623
8.091569901,-1.002417864,-0.483517557,-2.196022868,-1.222777963
8.101692915,-0.990887924,-0.49441877,-1.090121269,-2.085432708
8.111820936,-0.979194335,-0.50523901,-1.082023978,-1.08931154
8.12192893,-0.967336727,-0.516028762,-1.078975201,-1.0817191
8.131992102,-0.950918277,-0.537833929,-2.18051672,-1.189129353
8.142086029,-0.93889094,-0.548134208,-1.030027866,-2.065467834
8.152266026,-0.926451912,-0.558823347,-1.068913937,-1.033916473
8.162415028,-0.913938095,-0.569293261,-1.046991348,-1.066721678
8.17255497,-0.90128117,-0.579675913,-1.038265228,-1.046118736
8.182677031,-0.88425915,-0.600550056,-2.087414265,-1.143180132
8.192802906,-0.871308864,-0.61078161,-1.023155451,-1.980988383
8.202909946,-0.858200742,-0.620998621,-1.021701097,-1.023010015
8.213027954,-0.844956201,-0.631085217,-1.008659601,-1.020396948
8.223151922,-0.831562886,-0.64108628,-1.000106335,-1.007804275
8.233264923,-0.813982962,-0.661139786,-2.00535059,-1.10063076
8.243381023,-0.800332834,-0.670925856,-0.978606939,-1.902676225
8.253483057,-0.786521255,-0.680718541,-0.979268551,-0.9786731
8.263622046,-0.772525259,-0.690452874,-0.973433256,-0.978685021
8.273725986,-0.754608332,-0.709653437,-1.920056343,-1.068095565
8.283838987,-0.740410182,-0.719115019,-0.946158171,-1.822666526
8.293945074,-0.726052001,-0.728579819,-0.946480036,-0.946190357
8.304039001,-0.711592948,-0.737919092,-0.933927298,-0.945224762
8.314152956,-0.697004613,-0.747122228,-0.920313597,-0.932565928
8.324269056,-0.678615737,-0.765418649,-1.829642057,-1.011246443
8.334388971,-0.663813328,-0.774340391,-0.892174244,-1.735895276
8.344513893,-0.648765379,-0.783468187,-0.91277957,-0.894234776
8.35462594,-0.633739471,-0.792188466,-0.872027874,-0.9087044
8.364746094,-0.618511675,-0.801006138,-0.881767273,-0.873001814
8.374861002,-0.599663238,-0.818511248,-1.750510931,-0.968641639
8.384958029,-0.584320956,-0.826929867,-0.841861963,-1.659646034
8.395157099,-0.568658268,-0.835473061,-0.854319334,-0.8431077
8.405360937,-0.552939057,-0.843772233,-0.829917192,-0.85187912
8.415529966,-0.533832941,-0.860280275,-1.650804281,-0.912005901
8.425683975,-0.517972839,-0.868361831,-0.808155537,-1.566539407
8.435756922,-0.502104785,-0.876367271,-0.800544024,-0.807394385
8.445885897,-0.486085294,-0.884230793,-0.786352158,-0.799124837
8.455991983,-0.469965284,-0.892079353,-0.784856081,-0.78620255
8.46609807,-0.450777282,-0.907264531,-1.518517733,-0.858222246
8.476202011,-0.434488076,-0.914881706,-0.761717558,-1.442837715
8.486320972,-0.418128059,-0.922303379,-0.742167234,-0.759762526
8.496404886,-0.401703582,-0.929685652,-0.738227367,-0.741773248
8.506519079,-0.385237977,-0.936757684,-0.70720315,-0.735124946
8.51661396,-0.365824848,-0.950957596,-1.419991255,-0.77848196
8.526731968,-0.34914358,-0.957947969,-0.699037313,-1.347895861
8.536815882,-0.332417485,-0.964872897,-0.692492723,-0.698382854
8.546921968,-0.315622365,-0.971604347,-0.673145056,-0.690557957
8.557452917,-0.295498607,-0.984873176,-1.326882839,-0.738518834
8.56752491,-0.278657488,-0.991267204,-0.639402866,-1.258134842
8.577646017,-0.261682356,-0.997549772,-0.628256798,-0.63828826
8.587774992,-0.244626844,-1.003737688,-0.61879158,-0.627310276
8.59790802,-0.227516356,-1.009786606,-0.604891777,-0.6174016
8.607996941,-0.20803274,-1.021673918,-1.188731194,-0.663275719
8.61807704,-0.190865171,-1.027555823,-0.588190556,-1.12867713
8.628176928,-0.173632601,-1.033285379,-0.572955608,-0.586667061
8.638284922,-0.156374012,-1.038813353,-0.552797318,-0.570939779
8.648391008,-0.139011666,-1.044377208,-0.556385517,-0.553156137
8.658446074,-0.119653454,-1.054898977,-1.052176952,-0.605964661
8.668540955,-0.102305959,-1.060026526,-0.512754917,-0.998234749
8.678601027,-0.084997662,-1.064977288,-0.49507618,-0.510987043
8.688689947,-0.067534072,-1.070001364,-0.502407551,-0.495809317
8.698775053,-0.048207486,-1.079498529,-0.949716568,-0.547138453
8.708836079,-0.030857509,-1.083954811,-0.445628166,-0.899307728
8.718967915,-0.013247895,-1.088598728,-0.464391708,-0.44750452
8.729073048,0.004232483,-1.092842221,-0.424349308,-0.460387468
8.739186049,0.021808531,-1.097119451,-0.427722931,-0.42468667
8.749299049,0.040932414,-1.10509789,-0.797843933,-0.464735031
8.75940609,0.05845505,-1.108934879,-0.38369894,-0.756429434
8.769535065,0.076032268,-1.112665772,-0.373089314,-0.382637978
8.77965188,0.093655914,-1.116411805,-0.374603271,-0.373240709
8.789782047,0.111259667,-1.119912028,-0.350022316,-0.372145176
8.799874067,0.130132915,-1.126602888,-0.669085979,-0.381928682
8.809988022,0.147634578,-1.129647493,-0.304460526,-0.632623434
8.820137024,0.165185177,-1.132549882,-0.290238857,-0.303038359
8.830246925,0.182720517,-1.135455608,-0.290572643,-0.290272236
8.84036088,0.200322379,-1.138401628,-0.294601917,-0.290975571
8.850475073,0.218861183,-1.14358604,-0.5184412,-0.316985846
8.860569954,0.236214171,-1.145788431,-0.220239162,-0.488620996
8.870667934,0.253697285,-1.148214102,-0.242567062,-0.222471952
8.880861998,0.271249973,-1.150336981,-0.212287903,-0.239539146
8.890947104,0.289349008,-1.154195786,-0.38588047,-0.22964716
8.901007891,0.306632662,-1.156046987,-0.185120106,-0.365804434
8.911117077,0.323932903,-1.157678008,-0.16310215,-0.18291831
8.921235085,0.3412445,-1.159244895,-0.15668869,-0.162460804
8.931332111,0.358458456,-1.160604835,-0.135993958,-0.154619217
8.941452026,0.376071515,-1.162825346,-0.222051144,-0.144599676
8.9515481,0.393144017,-1.163757086,-0.093173981,-0.209163427
8.961673021,0.410272402,-1.164680004,-0.092291832,-0.093085766
8.971786976,0.427367493,-1.165542603,-0.086259842,-0.091688633
8.981897116,0.444375993,-1.166188836,-0.064623356,-0.084096193
8.991997957,0.461356963,-1.16679585,-0.06070137,-0.064231157
9.002115011,0.478196862,-1.166980863,-0.018501282,-0.056481361
9.012228012,0.494982618,-1.167051911,-0.007104874,-0.017361641
9.022325039,0.511692927,-1.167011857,0.004005432,-0.005993843
9.032427073,0.528189959,-1.166435957,0.057590008,0.00936389
9.042543888,0.544824826,-1.166168332,0.026762486,0.054507256
9.052648067,0.561285761,-1.165549755,0.0618577,0.030272007
9.062767982,0.577678674,-1.164734483,0.081527233,0.063824654
9.072860956,0.593997727,-1.163890839,0.084364414,0.081810951
9.082983971,0.609938189,-1.16202867,0.186216831,0.094549656
9.093102932,0.626081627,-1.160749316,0.12793541,0.180388689
9.103225946,0.642176093,-1.159396291,0.135302544,0.128672123
9.113332987,0.658195478,-1.157993197,0.140309334,0.135803223
9.123471022,0.674064926,-1.15616715,0.18260479,0.144538879
9.133565903,0.689167315,-1.152685404,0.348174572,0.199161768
9.143665075,0.704865836,-1.15076828,0.191712379,0.332528353
9.153764963,0.720357902,-1.148430586,0.233769417,0.195918083
9.163844109,0.7358273,-1.146225333,0.220525265,0.232445002
9.173939943,0.750213105,-1.141354918,0.487041473,0.247176886
9.184132099,0.765662708,-1.138874292,0.248062611,0.463143587
9.194327116,0.780882834,-1.135935664,0.29386282,0.252642632
9.204438925,0.79594969,-1.133080721,0.285494328,0.29302597
9.214529037,0.810861095,-1.130061984,0.301873684,0.287132263
9.224653959,0.824490999,-1.123845458,0.621652603,0.333851576
9.234781027,0.83918827,-1.120440602,0.340485573,0.5935359
9.244847059,0.853673267,-1.116903901,0.35367012,0.341804028
9.254973888,0.868142147,-1.11325109,0.365281105,0.354831219
9.265064001,0.882434242,-1.109470963,0.378012657,0.36655426
9.275145054,0.894985095,-1.101549268,0.792169571,0.419428349
9.285270929,0.909046294,-1.097412229,0.413703918,0.754323006
9.295375109,0.922970297,-1.093206048,0.420618057,0.414395332
9.305497885,0.936759389,-1.088787079,0.441896915,0.422745943
9.315632105,0.948532364,-1.079486966,0.930011272,0.490708351
9.325737,0.962072592,-1.074925661,0.456130505,0.882623196
9.335854054,0.975400778,-1.070002913,0.492274761,0.45974493
9.345977068,0.988634973,-1.065044045,0.495886803,0.492635965
9.356110096,1.001723473,-1.059911251,0.513279438,0.497626066
9.366214037,1.012427806,-1.049159884,1.075136662,0.56946516
9.376313925,1.02512913,-1.043654799,0.550508499,1.022673845
9.386429071,1.037779563,-1.038211465,0.544333458,0.549890995
9.39655304,1.050214331,-1.032448411,0.576305389,0.547530651
9.406656027,1.062497188,-1.026638985,0.580942631,0.576769114
9.416778088,1.072156233,-1.014464498,1.217448711,0.644593239
9.42689991,1.084043916,-1.008131981,0.633251667,1.159029007
9.437014103,1.095867601,-1.001941681,0.619029999,0.6318295
9.447132111,1.107527206,-0.995608568,0.633311272,0.620458126
9.457475901,1.116646334,-0.982428849,1.317971945,0.701777339
9.4675529,1.127816526,-0.975598633,0.683021545,1.254476905
9.47761488,1.138845413,-0.968761981,0.683665276,0.683085918
9.487766981,1.149832749,-0.961817622,0.694435835,0.684742332
9.497827053,1.160477013,-0.954634607,0.718301535,0.696822405
9.507951021,1.168181882,-0.940202534,1.443207264,0.790792108
9.518064022,1.178555732,-0.932799399,0.74031353,1.372917891
9.528186083,1.188744041,-0.925228179,0.75712204,0.741994381
9.538305044,1.198771547,-0.917596042,0.763213634,0.757731199
9.548408031,1.208617871,-0.909897983,0.769805908,0.763872862
9.55851388,1.215055068,-0.894008458,1.588952541,0.851720572
9.568608046,1.224403875,-0.885780036,0.822842121,1.512341499
9.578713894,1.233736194,-0.877824426,0.795561075,0.820114017
9.588809013,1.242749393,-0.86945951,0.836491585,0.799654126
9.599060059,1.24845362,-0.852713406,1.674610376,0.920303464
9.609183073,1.257140506,-0.844180584,0.853282213,1.59247756
9.619287014,1.265614479,-0.835543394,0.863718987,0.854325891
9.629358053,1.273902217,-0.826911271,0.863212347,0.863668323
9.639535904,1.282035615,-0.817965686,0.89455843,0.866346955
9.649624109,1.286288457,-0.799961925,1.800376177,0.985140204
9.659723043,1.293945464,-0.790826976,0.913494825,1.711688042
9.669794083,1.301389473,-0.781629622,0.919735432,0.914118886
9.679924011,1.308628642,-0.772156954,0.947266817,0.92248857
9.689994097,1.315677809,-0.762773573,0.938338041,0.94637394
9.700058937,1.318653877,-0.74362576,1.914781332,1.03598237
9.710194111,1.325363087,-0.734037697,0.958806276,1.819183826
9.720309019,1.331805058,-0.72425139,0.978630781,0.960788727
9.730438948,1.338087469,-0.714449584,0.980180502,0.978785753
9.740633011,1.340217707,-0.694536209,1.991337538,1.081296206
9.750731945,1.345980524,-0.684369564,1.016664505,1.893870234
9.760830879,1.351615192,-0.67431426,1.005530357,1.01555109
9.770936966,1.356943754,-0.663912654,1.040160656,1.008993387
9.78106308,1.362175899,-0.653664351,1.024830341,1.038627625
9.791165113,1.362944434,-0.632756472,2.090787888,1.131426096
9.801289082,1.367695741,-0.622204542,1.055192947,1.987228394
9.811414957,1.372221757,-0.611537993,1.066654921,1.056339145
9.82153511,1.376545843,-0.600835085,1.070290804,1.067018509
9.831639051,1.380564657,-0.589861751,1.097333431,1.072995067
9.841712952,1.380111822,-0.568231046,2.16307044,1.203907132
9.851798058,1.383756183,-0.557283163,1.094788313,2.056242228
9.861903906,1.387128006,-0.546080232,1.12029314,1.097338796
9.871968985,1.390313713,-0.534959555,1.112067699,1.119470596
9.882055998,1.388836215,-0.51261127,2.234828472,1.224343777
9.892247915,1.391507872,-0.500924826,1.168644428,2.128210068
9.902335882,1.394173283,-0.489891082,1.103374362,1.162117422
9.912447929,1.396541585,-0.478555441,1.133564115,1.106393337
9.922570944,1.398649641,-0.467037737,1.151770353,1.135384738
9.932672977,1.395897685,-0.443893522,2.314421535,1.268035471
9.942779064,1.397519567,-0.432168514,1.172500849,2.200229466
9.952866077,1.398862609,-0.420268565,1.189994812,1.174250245
9.962934971,1.400083304,-0.408583194,1.16853714,1.187849045
9.973067045,1.401200456,-0.397046119,1.153707504,1.167054176
9.983141899,1.397229286,-0.373368412,2.367770672,1.275113821
9.993237972,1.397722588,-0.361324549,1.204386353,2.25143224
10.00336099,1.39810866,-0.34948349,1.184105873,1.202358305
10.01346588,1.398241219,-0.337539256,1.194423437,1.18513763
10.02404499,1.394043385,-0.314738601,2.280065417,1.302987635
10.03412104,1.393065401,-0.301093698,1.36449039,2.188507915
10.04422688,1.392754526,-0.289595783,1.149791479,1.343020499
10.05433393,1.391949524,-0.277376205,1.221957803,1.157008111
10.06446004,1.390930973,-0.265121549,1.225465536,1.222308576
10.07456493,1.384802883,-0.240631878,2.448967099,1.347815692
10.08468509,1.383351341,-0.228340328,1.229155064,2.326985896
10.0948081,1.382062046,-0.216974556,1.136577129,1.21989727
10.10488701,1.380170215,-0.204658508,1.231604815,1.146079898
10.11497903,1.377707032,-0.19142589,1.323261857,1.240770519
10.12509203,1.370437061,-0.166686386,2.473950386,1.43833071
10.13519192,1.368212395,-0.155094028,1.159235835,2.342478931
10.1453011,1.365439588,-0.142652497,1.244153082,1.16772756
10.15540004,1.362151391,-0.129455134,1.319736242,1.251711398
10.16550303,1.353923337,-0.104434043,2.50210911,1.437973529
10.17561889,1.350513562,-0.091982722,1.245132089,2.376411408
10.1858089,1.347241105,-0.080382481,1.160024107,1.23662129
10.19598889,1.343432403,-0.067983277,1.239920408,1.168013737
10.20610499,1.338803314,-0.054084606,1.389867067,1.254915074
10.21625996,1.330126064,-0.030591801,2.349280566,1.485808417
10.22639108,1.325673941,-0.018200675,1.239112578,2.238263767
10.23649597,1.320887439,-0.005509004,1.269167103,1.242118031
10.24658799,1.315699274,0.007655346,1.31643503,1.273893896
10.25666308,1.310949869,0.019193562,1.153821545,1.300173681
10.26676893,1.300281811,0.044996548,2.58029867,1.296469257
10.27685094,1.295104501,0.056545086,1.154853776,2.43775418
10.28701305,1.289361719,0.068961129,1.241604239,1.163528822
10.29715109,1.283411293,0.081365891,1.240476221,1.241491437
10.30724692,1.272307149,0.106134608,2.476871759,1.364115775
10.31735897,1.265902093,0.118620493,1.248588413,2.354043424
10.32745409,1.25941711,0.13078326,1.216276735,1.245357245
10.33757901,1.252634099,0.143149063,1.236580312,1.218307093
10.34769988,1.245652533,0.155483291,1.233422756,1.236264557
10.35780811,1.233552489,0.18009223,2.460893989,1.356169879
10.36791992,1.226221878,0.192248672,1.215644181,2.336369008
10.37800598,1.218686794,0.204408005,1.215933263,1.215673089
10.388134,1.210868605,0.216721788,1.231378317,1.217477769
10.39819694,1.202961615,0.228783652,1.206186414,1.228859127
10.40833402,1.189941562,0.253048182,2.426452935,1.328213066
10.41842604,1.18163504,0.265045404,1.19972229,2.30377987
10.42852807,1.173046682,0.277220011,1.217460632,1.201496124
10.43863988,1.164346666,0.289146751,1.192674041,1.214981973
10.44899201,1.150552247,0.313040793,2.389404178,1.312347054
10.45906401,1.141493752,0.324863613,1.182281971,2.268691957
10.46915698,1.13213662,0.336899698,1.203608513,1.184414625
10.47927809,1.122674224,0.348655671,1.17559731,1.200807393
10.4893949,1.112956228,0.360545605,1.188993454,1.176936924
10.4994719,1.098428518,0.384003669,2.34580636,1.304674745
10.509583,1.088433205,0.395582765,1.157909632,2.227016687
10.51969004,1.07819564,0.407270014,1.168724895,1.158991158
10.52981091,1.067791729,0.418852568,1.158255339,1.167677939
10.53992701,1.057210744,0.430385411,1.153284311,1.157758236
10.54999805,1.041902847,0.453308642,2.292323112,1.267188191
10.56012392,1.030912367,0.464860976,1.155233383,2.17861414
10.57024789,1.019799827,0.476229042,1.136806607,1.153390706
10.58036709,1.008507945,0.487563819,1.133477688,1.136473715
10.59087396,0.992287464,0.510058045,2.249422669,1.245072186
10.6009531,0.980693857,0.521230161,1.11721158,2.136201561
10.6110661,0.968877315,0.532420456,1.119029522,1.117393374
10.62115407,0.956981646,0.543378592,1.095813513,1.116707921
10.63126588,0.944886156,0.554318428,1.09398365,1.095630527
10.64137006,0.928235765,0.576189697,2.187126875,1.203297973
10.65148091,0.915798566,0.587047458,1.085776091,2.076991796
10.66159105,0.903248263,0.597725093,1.067763567,1.083974838
10.67169499,0.890490832,0.608472705,1.074761152,1.068463326
10.68178797,0.873344939,0.629758179,2.12854743,1.18013978
10.69189,0.860353984,0.640183806,1.042562723,2.019948959
10.70195198,0.847208356,0.650636435,1.045262814,1.042832732
10.71210909,0.833828636,0.661013484,1.037704945,1.044507027
10.72225809,0.820317611,0.671290457,1.027697325,1.036704183
10.7323339,0.802685218,0.691602349,2.031189203,1.128046513
10.74245811,0.788901299,0.701743186,1.014083624,1.929478645
10.75258398,0.775008009,0.711720526,0.99773407,1.012448668
10.76268601,0.760973092,0.721682787,0.996226072,0.99758327
10.77279401,0.746784785,0.73159045,0.990766287,0.995680094
10.78290105,0.728687786,0.750853062,1.926261187,1.084315777
10.79302311,0.714204342,0.76062727,0.977420807,1.831377149
10.8031249,0.699672939,0.770163596,0.953632593,0.975041986
10.81322503,0.685043923,0.779542506,0.937891006,0.952058434
10.82333708,0.670199334,0.789026082,0.948357582,0.938937664
10.83344793,0.651642649,0.807395279,1.836919785,1.037213802
10.84356308,0.636628251,0.816503286,0.910800695,1.744307876
10.85367203,0.621466671,0.825607955,0.910466909,0.910767317
10.86378503,0.606251324,0.834451318,0.884336233,0.907853842
10.87399507,0.587252438,0.852088392,1.763707399,0.97227335
10.884058,0.571827909,0.860846043,0.875765085,1.674913168
10.89414501,0.556312395,0.869392276,0.854623318,0.873650908
10.90420389,0.540726046,0.877838314,0.844603777,0.853621364
10.91432905,0.524913728,0.886288404,0.845009089,0.844644308
10.92445803,0.505743469,0.902765512,1.6477108,0.92527926
10.93457603,0.489775253,0.910921037,0.815552473,1.564494967
10.9447031,0.47374165,0.918865919,0.794488192,0.813446045
10.95481396,0.457618217,0.926747024,0.788110495,0.793850422
10.96491194,0.441347869,0.934703052,0.795602798,0.788859725
10.97502494,0.422011778,0.949945867,1.524281502,0.868470669
10.98513794,0.405681608,0.957350075,0.740420818,1.445895433
10.99523497,0.389231257,0.964789867,0.743979216,0.740776658
11.00533509,0.372700607,0.972107947,0.731807947,0.742762089
11.01588297,0.35265893,0.986368656,1.426070929,0.801234245
11.02595592,0.336118104,0.993184686,0.681602955,1.351624131
11.03606796,0.319394831,1.000027299,0.684261322,0.681868792
11.04617596,0.302598408,1.006776571,0.674927235,0.683327913
11.05628109,0.285729087,1.013433695,0.665712357,0.674005747
11.06638694,0.266261939,1.026304245,1.287055016,0.727846622
11.07649589,0.24930724,1.032609701,0.630545616,1.221404076
11.0866189,0.232282095,1.038773298,0.616359711,0.629127026
11.09674311,0.215159547,1.044914007,0.614070892,0.616130829
11.10685897,0.198028418,1.050850511,0.593650341,0.612028837
11.11694503,0.17862103,1.062337637,1.148712635,0.64915657
11.12706089,0.161393495,1.068022251,0.568461418,1.090687513
11.13717008,0.144221523,1.073355079,0.533282757,0.564943552
11.14727998,0.126947237,1.078709602,0.535452366,0.533499718
11.15738797,0.10761684,1.088986278,1.027667522,0.584673882
11.16749406,0.090311225,1.093989134,0.500285625,0.974929333
11.17760897,0.072926168,1.098944068,0.495493412,0.499806404
11.18766689,0.055636566,1.103672028,0.472795963,0.493223667
11.19784093,0.03816238,1.108215094,0.454306602,0.470947027
11.20799088,0.018880008,1.117175221,0.896012783,0.498477221
11.21811199,0.001482975,1.121344924,0.416970253,0.84810853
11.22820807,-0.016053395,1.125778914,0.443398952,0.419613123
11.23832488,-0.033468959,1.129654646,0.387573242,0.437816381
11.24846005,-0.050949646,1.1334517,0.379705429,0.386786461
11.25856209,-0.06992349,1.140949726,0.749802589,0.416715145
11.26867199,-0.087368951,1.144439816,0.349009037,0.709723234
11.27877998,-0.104815266,1.147790194,0.335037708,0.347611904
11.28885794,-0.122268718,1.151135802,0.334560871,0.334990025
11.29902792,-0.141062279,1.157326341,0.619053841,0.363010168
11.30913091,-0.158474559,1.160202265,0.287592411,0.585907698
11.31923389,-0.175829762,1.162812352,0.261008739,0.284934044
11.32933903,-0.193282709,1.16554153,0.272917747,0.26219964
11.33945489,-0.21071757,1.168071866,0.253033638,0.270929337
11.34956288,-0.229012236,1.17268014,0.460827351,0.273813009
11.35966706,-0.246353875,1.174824595,0.214445591,0.436189175
11.369771,-0.263688493,1.176862359,0.20377636,0.213378668
11.37986898,-0.280967227,1.178701401,0.183904171,0.201789141
11.38995409,-0.29826965,1.180575848,0.187444687,0.184258223
11.40005994,-0.316123187,1.183672905,0.309705734,0.199670792
11.41016889,-0.333306923,1.185019255,0.134634972,0.292198658
11.42035198,-0.350583294,1.186234593,0.121533871,0.133324862
11.43050694,-0.367834345,1.187452078,0.121748447,0.121555328
11.4405911,-0.385180895,1.189157367,0.170528889,0.126626492
11.45068002,-0.402193142,1.189970851,0.081348419,0.161610842
11.46079302,-0.419191125,1.190619349,0.064849854,0.079698563
11.47091293,-0.436152364,1.19112432,0.050497055,0.063414574
11.48101997,-0.453032841,1.191464424,0.03401041,0.048848391
11.49110603,-0.469888308,1.191819429,0.035500526,0.034159422
11.50120592,-0.486594317,1.191740751,-0.007867813,0.031163692
11.51131392,-0.503269008,1.191554189,-0.018656254,-0.008946657
11.52142906,-0.519930171,1.191314936,-0.023925304,-0.019183159
11.531533,-0.536495961,1.19090116,-0.041377544,-0.025670528
11.54164505,-0.552735688,1.189662933,-0.123822689,-0.049622059
11.55176306,-0.56915801,1.188887596,-0.077533722,-0.119193792
11.56187797,-0.585477065,1.187904716,-0.098288059,-0.079609156
11.57199001,-0.601760274,1.186888576,-0.101613998,-0.098620653
11.58217096,-0.618055562,1.185670137,-0.121843815,-0.10363698
11.59226704,-0.633577828,1.182927012,-0.274312496,-0.137090683
11.60234809,-0.649508182,1.181330323,-0.159668922,-0.262848139
11.61245298,-0.665417126,1.179653406,-0.167691708,-0.160471201
11.62256408,-0.681245065,1.177826643,-0.182676315,-0.169190168
11.63265991,-0.696110851,1.173741579,-0.408506393,-0.205259323
11.64276004,-0.71167023,1.171464205,-0.227737427,-0.390429497
11.65284801,-0.727150046,1.169135213,-0.232899189,-0.228253603
11.66294909,-0.742576223,1.166723251,-0.241196156,-0.233728886
11.67304301,-0.757850594,1.164071798,-0.265145302,-0.24359107
11.68315601,-0.771980579,1.158600092,-0.547170639,-0.293347836
11.69334888,-0.787165389,1.155569315,-0.303077698,-0.522761345
11.70349908,-0.802202824,1.152474165,-0.309514999,-0.303721428
11.71363807,-0.817094249,1.149197459,-0.327670574,-0.311330557
11.72376609,-0.830514045,1.142430305,-0.676715374,-0.362575054
11.73387194,-0.845058456,1.138713717,-0.371658802,-0.646209717
11.74400091,-0.859551283,1.134934068,-0.377964973,-0.372289419
11.75412107,-0.873962117,1.131148338,-0.378572941,-0.37802577
11.76424289,-0.888223707,1.127153397,-0.399494171,-0.380665064
11.77436709,-0.900664252,1.11877346,-0.837993622,-0.443344116
11.78448606,-0.9146409,1.114437461,-0.433599949,-0.797554255
11.79459405,-0.928461223,1.109942436,-0.449502468,-0.435190201
11.80469799,-0.942149002,1.10532701,-0.461542606,-0.450706482
11.81480289,-0.955689011,1.100540042,-0.478696823,-0.463258028
11.82488394,-0.967107544,1.090747595,-0.979244709,-0.528751612
11.83498096,-0.980353359,1.085676074,-0.507152081,-0.932035446
11.84509611,-0.993445782,1.08037293,-0.530314445,-0.509468317
11.85520792,-1.006478782,1.075160384,-0.521254539,-0.529408455
11.86532307,-1.017087584,1.064107656,-1.10527277,-0.579656363
11.87543702,-1.029715085,1.05834496,-0.576269627,-1.052372456
11.88554096,-1.042232383,1.052588224,-0.57567358,-0.576210022
11.89574289,-1.054717503,1.046645761,-0.594246387,-0.577530861
11.90587711,-1.066973833,1.040636659,-0.600910187,-0.594912767
11.91604209,-1.076649794,1.028330445,-1.230621338,-0.663881302
11.92619109,-1.088533781,1.021872401,-0.645804405,-1.172139645
11.93633103,-1.100271307,1.015356541,-0.651586056,-0.64638257
11.94645309,-1.111814394,1.008698821,-0.665771961,-0.653004646
11.95654702,-1.123250174,1.002156854,-0.654196739,-0.664614439
11.96666288,-1.131685051,0.988327801,-1.382905245,-0.72706759
11.97679496,-1.142802852,0.981448293,-0.68795085,-1.313409805
11.98689699,-1.153632952,0.974255025,-0.719326735,-0.691088438
11.99700499,-1.164310395,0.96696794,-0.728708506,-0.720264912
12.00709295,-1.17481092,0.959618568,-0.734937191,-0.729331374
12.01715302,-1.182059941,0.944549799,-1.506876946,-0.812131166
12.02723503,-1.192221782,0.93701309,-0.753670931,-1.431556344
12.03734207,-1.202264069,0.929424942,-0.758814812,-0.754185319
12.04746795,-1.212003742,0.921355188,-0.806975365,-0.763630867
12.0575819,-1.218399351,0.905304253,-1.605093479,-0.886787176
12.06766701,-1.227759033,0.897099197,-0.820505619,-1.526634693
12.07775903,-1.236948008,0.888794959,-0.830423832,-0.82149744
12.0878439,-1.246027966,0.880594373,-0.820058584,-0.829387307
12.09798193,-1.254880177,0.872023225,-0.857114792,-0.823764205
12.10811591,-1.260155436,0.854889393,-1.713383198,-0.942741632
12.11822891,-1.268647621,0.846231759,-0.865763426,-1.628621221
12.1283319,-1.276959495,0.837527931,-0.870382786,-0.866225362
12.13841701,-1.284980533,0.828527749,-0.900018215,-0.873346329
12.14860892,-1.289341224,0.810458004,-1.806974411,-0.990713835
12.15872788,-1.29705188,0.801362097,-0.909590721,-1.717236042
12.16875196,-1.30440891,0.792037368,-0.932472944,-0.911878943
12.17887497,-1.311751312,0.782800078,-0.923728943,-0.931598544
12.18893409,-1.318768158,0.773323238,-0.94768405,-0.926124454
12.19906306,-1.321849002,0.754226208,-1.909703016,-1.043885946
12.20918489,-1.328560023,0.744636297,-0.958991051,-1.81463182
12.21926808,-1.33496408,0.73479408,-0.984221697,-0.961514115
12.22935891,-1.341311223,0.725208342,-0.958573818,-0.981656909
12.23947096,-1.347354882,0.71523428,-0.997406244,-0.962457061
12.24957204,-1.349214147,0.695254147,-1.998013258,-1.097466946
12.25967407,-1.354877418,0.685213208,-1.004093885,-1.898621321
12.26977301,-1.360336355,0.675104082,-1.010912657,-1.004775763
12.27989006,-1.365577741,0.664848626,-1.025545597,-1.012375951
12.29000306,-1.370584638,0.654460371,-1.038825512,-1.026873589
12.300102,-1.371211865,0.633601546,-2.085882425,-1.143531203
12.31021094,-1.375806741,0.623090327,-1.05112195,-1.982406378
12.3203311,-1.380202952,0.612513304,-1.057702303,-1.051779985
12.33043909,-1.384397213,0.601915479,-1.059782505,-1.057910323
12.3406651,-1.384177549,0.580506086,-2.140939236,-1.167898178
12.35078001,-1.387879958,0.56959635,-1.090973616,-2.035942674
12.36085796,-1.391392661,0.558752,-1.084434986,-1.090319753
12.37096405,-1.39470745,0.547828317,-1.092368364,-1.085228324
12.38106203,-1.397829878,0.53691256,-1.091575623,-1.09228909
12.39116907,-1.396231449,0.514654756,-2.225780487,-1.204996109
12.40128398,-1.398857661,0.503424942,-1.12298131,-2.115500569
12.41138506,-1.401295173,0.492230386,-1.119455695,-1.122628748
12.42148304,-1.403526644,0.481010944,-1.121944189,-1.119704545
12.43158388,-1.405556731,0.469771028,-1.123991609,-1.122148931
12.44170189,-1.403346909,0.448395312,-2.137571573,-1.225349605
12.45178199,-1.404848585,0.436849624,-1.154568791,-2.039271295
12.4619081,-1.40615198,0.425235212,-1.161441207,-1.155256033
12.4720099,-1.407307124,0.413784444,-1.145076752,-1.159804761
12.48242903,-1.403121666,0.389055848,-2.472859621,-1.277855039
12.49255109,-1.403796417,0.377396464,-1.165938377,-2.342167497
12.50265002,-1.404248911,0.365716934,-1.167953014,-1.166139841
12.512779,-1.404481877,0.353959233,-1.175770164,-1.168734729
12.52289701,-1.404463326,0.342096776,-1.18624568,-1.176817715
12.5330019,-1.399532591,0.318480492,-2.361628413,-1.303783953
12.54310703,-1.399083547,0.306580991,-1.189950109,-2.244460583
12.5532279,-1.39843126,0.29467237,-1.19086206,-1.190041304
12.56333494,-1.397571868,0.282776803,-1.189556718,-1.190731525
12.57345009,-1.397012316,0.272141635,-1.063516736,-1.17695272
12.58355999,-1.390904407,0.248160273,-2.398136258,-1.196978688
12.5936799,-1.388841442,0.2348046,-1.335567236,-2.291879356
12.60378909,-1.387498504,0.223780394,-1.102420688,-1.312252581
12.61389494,-1.385433287,0.21147643,-1.23039633,-1.115218252
12.62397599,-1.378121025,0.186594918,-2.488151193,-1.356171817
12.63407397,-1.375667613,0.174373731,-1.222118735,-2.361547947
12.64417291,-1.373397827,0.16313681,-1.123692095,-1.212276071
12.65425491,-1.370211424,0.150143042,-1.299376786,-1.141260564
12.66434598,-1.367478242,0.138804257,-1.133878529,-1.28282696
12.67449808,-1.359197738,0.114102118,-2.47021392,-1.267512068
12.68458605,-1.355777058,0.102104217,-1.19979009,-2.343171537
12.69474006,-1.351918421,0.089522347,-1.258186996,-1.205629781
12.70482111,-1.347769431,0.076765619,-1.275672764,-1.259935573
12.71493506,-1.343597395,0.064474501,-1.22911185,-1.271016672
12.72505188,-1.334096638,0.039393444,-2.50810571,-1.357011236
12.73514104,-1.329607073,0.0273745,-1.201894321,-2.377484571
12.74523902,-1.324047574,0.013210625,-1.416387502,-1.223343639
12.75536489,-1.3192544,0.001494905,-1.171572041,-1.391905956
12.7656529,-1.310114514,-0.020536665,-2.203156985,-1.274730535
12.77576303,-1.304746063,-0.032617137,-1.208047196,-2.103646006
12.78588104,-1.299062965,-0.044950802,-1.233366504,-1.210579127
12.79597902,-1.293211562,-0.057178233,-1.222743094,-1.232304163
12.80608106,-1.287106626,-0.069508418,-1.233018562,-1.223770641
12.81617689,-1.276009713,-0.09379109,-2.428267151,-1.352543421
12.82629204,-1.269452298,-0.106188342,-1.239725202,-2.309412956
12.83639789,-1.262774237,-0.118361697,-1.217335463,-1.237486228
12.84650207,-1.25587866,-0.130551502,-1.218980551,-1.217499971
12.85661602,-1.248813636,-0.142632052,-1.208055019,-1.217887998
12.86672306,-1.236432692,-0.167479411,-2.484735847,-1.335723102
12.87683392,-1.22860684,-0.180410802,-1.29313916,-2.365576178
12.88692999,-1.22093683,-0.192438468,-1.202766597,-1.284101903
12.89703608,-1.213365218,-0.203689992,-1.125152409,-1.195005178
12.90713406,-1.205234159,-0.215824842,-1.213485003,-1.133985668
12.917243,-1.192123266,-0.239879608,-2.40547657,-1.332684159
12.92734599,-1.183621894,-0.25189653,-1.201692224,-2.285098135
12.93745494,-1.174975919,-0.263751507,-1.185497642,-1.200072765
12.94755101,-1.166242989,-0.275320709,-1.156920195,-1.182639897
12.957654,-1.152253292,-0.299510658,-2.418994904,-1.283127666
12.96776295,-1.14315064,-0.310963601,-1.145294309,-2.291624844
12.97787404,-1.13372923,-0.322699517,-1.173591614,-1.148124039
12.98797297,-1.123937497,-0.334866703,-1.216718555,-1.177904308
12.99807501,-1.114137269,-0.346544653,-1.167795062,-1.211826205
13.00819206,-1.099435756,-0.36995092,-2.340626717,-1.285078228
13.0182929,-1.089418849,-0.381164223,-1.121330261,-2.218697071
13.02840209,-1.079038004,-0.392775118,-1.16108954,-1.125306189
13.03850889,-1.068424404,-0.404472739,-1.169762015,-1.161956787
13.04888797,-1.052844912,-0.427669108,-2.319636941,-1.284749508
13.05900693,-1.042055901,-0.43878293,-1.111382246,-2.198811471
13.06911397,-1.030970135,-0.450166017,-1.138308644,-1.114074886
13.07921195,-1.019567092,-0.46186921,-1.170319319,-1.141509712
13.0893321,-1.008302703,-0.472702473,-1.08332634,-1.161620021
13.09947896,-0.992111942,-0.495319903,-2.261742949,-1.201168001
13.1095829,-0.980355851,-0.506445467,-1.112556458,-2.1468243
13.11969495,-0.96846467,-0.517416775,-1.097130775,-1.111013889
13.12980008,-0.956368202,-0.528440118,-1.102334261,-1.097651124
13.13991308,-0.944123914,-0.539346755,-1.090663671,-1.101167202
13.15000892,-0.927332492,-0.561187565,-2.184081078,-1.200005412
13.1601131,-0.914741706,-0.572046101,-1.085853577,-2.074258327
13.17021394,-0.902044093,-0.582717836,-1.067173481,-1.083985567
13.18039799,-0.889091756,-0.593389928,-1.067209244,-1.067177057
13.19047809,-0.871858505,-0.614531696,-2.11417675,-1.171905994
13.20058799,-0.858662125,-0.625066102,-1.053440571,-2.008103132
13.21069694,-0.845349567,-0.635445774,-1.037967205,-1.051893234
13.2208159,-0.831866404,-0.645785034,-1.03392601,-1.037563086
13.23093796,-0.818225363,-0.656070948,-1.028591394,-1.033392549
13.24104595,-0.800417892,-0.676369846,-2.029889822,-1.128721237
13.25116301,-0.786488126,-0.686520219,-1.015037298,-1.92840457
13.26128411,-0.772439207,-0.696529567,-1.000934839,-1.013627052
13.27136111,-0.758359069,-0.706304133,-0.97745657,-0.998587012
13.28146005,-0.744005584,-0.71628809,-0.998395681,-0.979550481
13.29151702,-0.725779169,-0.735649645,-1.936155558,-1.092171669
13.30160689,-0.711223708,-0.745338798,-0.968915224,-1.839431524
13.31173301,-0.696541636,-0.754840732,-0.950193405,-0.967043042
13.32185411,-0.681703963,-0.764341235,-0.950050354,-0.9501791
13.331949,-0.666817678,-0.773636997,-0.929576159,-0.948002934
13.342026,-0.648143226,-0.792060912,-1.842391491,-1.020857692
13.3521421,-0.6329748,-0.801221013,-0.916010141,-1.749753356
13.36225104,-0.617713258,-0.810249448,-0.902843475,-0.914693475
13.37234902,-0.602384241,-0.81909883,-0.88493824,-0.901052952
13.38246393,-0.583346009,-0.836796522,-1.769769192,-0.973421335
13.39257503,-0.567803435,-0.845395744,-0.859922171,-1.67878449
13.40269589,-0.552128129,-0.853931367,-0.853562355,-0.859286189
13.41275311,-0.536400976,-0.862431407,-0.850003958,-0.853206515
13.42286897,-0.520511712,-0.870801985,-0.837057829,-0.848709345
13.43298411,-0.501216809,-0.887337923,-1.653593779,-0.918711424
13.4431119,-0.485159461,-0.895393908,-0.805598497,-1.56879425
13.45320106,-0.469048527,-0.903366685,-0.797277689,-0.804766417
13.46330309,-0.452798768,-0.911310971,-0.794428587,-0.796992779
13.47340894,-0.436478924,-0.919088662,-0.777769089,-0.792762637
13.48348904,-0.417058352,-0.934379339,-1.529067755,-0.852898955
13.49360895,-0.400568098,-0.941893756,-0.751441717,-1.451305151
13.50372505,-0.384024568,-0.949239969,-0.734621286,-0.749759674
13.51379895,-0.367441752,-0.956519663,-0.727969408,-0.733956099
13.52398491,-0.347774186,-0.970825553,-1.430588961,-0.798231363
13.53406,-0.331076305,-0.977790058,-0.696450472,-1.357175112
13.5441761,-0.314230009,-0.984692872,-0.690281391,-0.695833564
13.554281,-0.297369189,-0.9913854,-0.669252872,-0.688178539
13.56438589,-0.280420106,-0.998018861,-0.663346052,-0.66866219
13.57449603,-0.260805073,-1.011024475,-1.300561428,-0.72706759
13.58460188,-0.243766294,-1.017336488,-0.631201267,-1.233625412
13.59472203,-0.226637475,-1.023559332,-0.622284412,-0.630309582
13.60483694,-0.20945699,-1.029673338,-0.611400604,-0.621196032
13.61494207,-0.192246249,-1.035647988,-0.597465038,-0.610007048
13.62506008,-0.172655858,-1.047279596,-1.163160801,-0.654034615
13.63514709,-0.155409751,-1.052926898,-0.564730167,-1.103317738
13.64528894,-0.138037558,-1.058452249,-0.552535057,-0.563510656
13.65539408,-0.120684538,-1.063840151,-0.538790226,-0.551160574
13.66571808,-0.100886707,-1.074289799,-1.04496479,-0.589407682
13.67582393,-0.08347028,-1.079394698,-0.510489941,-0.991517305
13.68592191,-0.066020975,-1.08440423,-0.500953197,-0.509536266
13.69607902,-0.048496562,-1.089172482,-0.476825237,-0.498540401
13.70621896,-0.030924729,-1.093928576,-0.475609303,-0.476703644
13.71633196,-0.011611448,-1.102952957,-0.902438164,-0.518292189
13.72645903,0.005954121,-1.107370257,-0.441730022,-0.85636735
13.73655105,0.023475626,-1.111638069,-0.426781178,-0.440235138
13.74666595,0.040958629,-1.115550041,-0.391197205,-0.42322278
13.756773,0.058540759,-1.119577289,-0.402724743,-0.392349958
13.76688409,0.077695357,-1.127362609,-0.778532028,-0.440305471
13.77697301,0.095165713,-1.130875111,-0.351250172,-0.735803843
13.7870779,0.112765115,-1.134502769,-0.362765789,-0.352401733
13.79720497,0.130369765,-1.137917042,-0.341427326,-0.360631943
13.80729389,0.149170997,-1.144344926,-0.64278841,-0.371563435
13.81739903,0.166720177,-1.147453189,-0.310826302,-0.609592199
13.82750893,0.184195703,-1.150240183,-0.278699398,-0.307613611
13.83763003,0.201746747,-1.153059125,-0.281894207,-0.279018879
13.84773707,0.219261871,-1.155740619,-0.268149376,-0.280519724
13.85785604,0.237751809,-1.160712481,-0.497186184,-0.291053057
13.86797905,0.255252463,-1.163102984,-0.239050388,-0.471372604
13.87808895,0.272675527,-1.165268302,-0.216531754,-0.236798525
13.88827801,0.290205683,-1.167298317,-0.203001499,-0.215178728
13.89837408,0.307605751,-1.169313073,-0.20147562,-0.202848911
13.90843511,0.325588643,-1.172864795,-0.355172157,-0.216845274
13.91853189,0.342828926,-1.174355149,-0.149035454,-0.334558487
13.928648,0.360122389,-1.17584765,-0.149250031,-0.149056911
13.93877506,0.377397339,-1.177204013,-0.13563633,-0.14788866
13.94885492,0.394946214,-1.17940259,-0.219857693,-0.144058466
13.95896006,0.412035365,-1.180316448,-0.091385841,-0.207010508
13.96907401,0.429141998,-1.18121326,-0.089681149,-0.091215372
13.97916389,0.446127615,-1.181889772,-0.067651272,-0.087478161
13.98932791,0.463200524,-1.182466626,-0.057685375,-0.066654682
13.99942994,0.480046895,-1.182729959,-0.026333332,-0.054550171
14.00959396,0.497089842,-1.183230758,-0.050079823,-0.028707981
14.01974702,0.513929066,-1.183277369,-0.004661083,-0.045537949
14.02988291,0.530684143,-1.183201194,0.007617474,-0.003433228
14.03997397,0.547295997,-1.18297565,0.022554398,0.009111166
14.05009508,0.56375887,-1.182283282,0.069236755,0.027222633
14.0602119,0.580211691,-1.18162024,0.066304207,0.068943501
14.070328,0.596634264,-1.180927992,0.069224834,0.06659627
14.0804491,0.612986641,-1.180089831,0.083816051,0.070683956
14.09097505,0.62947078,-1.177972913,0.211691856,0.096603632
14.10108805,0.64558261,-1.176690102,0.128281116,0.203350782
14.1111989,0.661626244,-1.175316215,0.137388706,0.129191875
14.12131906,0.677587709,-1.17377615,0.154006481,0.139050484
14.131428,0.693476242,-1.172183633,0.15925169,0.154531002
14.14151692,0.708448704,-1.168473125,0.371050835,0.180431604
14.15164995,0.724098506,-1.166373611,0.209951401,0.354940891
14.161731,0.73961743,-1.164261937,0.211167336,0.210072994
14.17189908,0.755136371,-1.161908507,0.235342979,0.2135849
14.18195891,0.76935212,-1.156851768,0.505673885,0.26237607
14.19209194,0.784631016,-1.154281378,0.25703907,0.480810404
14.2022121,0.799704089,-1.15137887,0.290250778,0.260360241
14.212327,0.814671407,-1.148370028,0.300884247,0.291314125
14.222435,0.829551727,-1.145314693,0.305533409,0.301349163
14.23254609,0.842993631,-1.138800859,0.6513834,0.340118408
14.24265695,0.857581434,-1.1353091,0.34917593,0.621162653
14.25279689,0.872090442,-1.131668925,0.364017487,0.350660086
14.26292109,0.886500012,-1.128011942,0.365698338,0.364185572
14.273031,0.900712088,-1.124093056,0.391888618,0.368317366
14.28313303,0.913162129,-1.115981579,0.81114769,0.433814526
14.29324198,0.927102341,-1.111756921,0.422465801,0.772279501
14.30335689,0.940921975,-1.107402563,0.435435772,0.423762798
14.31347609,0.954585406,-1.10284245,0.456011295,0.437493324
14.32358408,0.968139217,-1.098258376,0.458407402,0.456250906
14.33365488,0.979503877,-1.088555098,0.970327854,0.509599447
14.34377503,0.992722238,-1.083518744,0.503635406,0.923658609
14.35390401,1.00583059,-1.078400612,0.511813164,0.504453182
14.36400604,1.018722725,-1.07307446,0.532615185,0.513893366
14.37410808,1.029273292,-1.062131882,1.094257832,0.588779449
14.38420892,1.041840057,-1.056477666,0.565421581,1.041374207
14.39432788,1.054272206,-1.050670505,0.580716133,0.566951036
14.40444589,1.066580726,-1.044813991,0.585651398,0.58120966
14.41455197,1.078707846,-1.038808823,0.600516796,0.587137938
14.42465091,1.088139866,-1.026358724,1.245009899,0.664966106
14.43478298,1.099956116,-1.020025134,0.633358955,1.183844805
14.444911,1.111567213,-1.013473272,0.655186176,0.635541677
14.45500207,1.122993644,-1.006873965,0.659930706,0.655660629
14.46513391,1.134310362,-1.000149608,0.67243576,0.661181211
14.47519803,1.142565687,-0.986300349,1.384925842,0.743684769
14.4852581,1.15338639,-0.979177356,0.712299347,1.317663193
14.49537897,1.164141351,-0.971990585,0.718677044,0.712937117
14.50551105,1.174710058,-0.964614511,0.737607479,0.720570087
14.5156281,1.18209806,-0.949655771,1.495873928,0.813434124
14.5257411,1.192280186,-0.942019701,0.763607025,1.422647238
14.53586006,1.202283055,-0.934245527,0.777417421,0.764988065
14.54598308,1.212113872,-0.92636323,0.788229704,0.77849865
14.55608702,1.221733717,-0.918354154,0.800907612,0.789497495
14.56620097,1.227942466,-0.902130425,1.622372866,0.883054137
14.57630801,1.237161257,-0.893803298,0.83271265,1.543406844
14.58643007,1.246199099,-0.885332704,0.847059488,0.834147334
14.59653306,1.255068583,-0.876859546,0.847315788,0.847085118
14.60665607,1.263787538,-0.868314803,0.854474306,0.84803164
14.61674094,1.268726549,-0.850803196,1.751160622,0.944142938
14.62684894,1.2769839,-0.841893017,0.891017914,1.665146351
14.636935,1.285053287,-0.832955062,0.89379549,0.891295671
14.64700389,1.29289705,-0.823883891,0.907117128,0.895127654
14.65705991,1.296790061,-0.805357337,1.852655411,1.001670957
14.6672349,1.304335277,-0.796023011,0.933432579,1.760733128
14.67729092,1.311524567,-0.786524475,0.949853659,0.935074687
14.6874299,1.318647712,-0.777036846,0.948762894,0.949744582
14.69755101,1.32555007,-0.767453313,0.958353281,0.949721932
14.70766902,1.328267862,-0.747828305,1.962500811,1.058768034
14.71774411,1.334647081,-0.737882197,0.994610786,1.865711808
14.72785997,1.34090644,-0.727950752,0.993144512,0.994464159
14.73795891,1.346883537,-0.717779458,1.017129421,0.995543003
14.74806905,1.35273956,-0.707705021,1.007443666,1.016160846
14.75814795,1.354176735,-0.687089443,2.06155777,1.112855077
14.76823306,1.359553373,-0.676740885,1.034855843,1.958887577
14.77835107,1.36474829,-0.66629976,1.044112444,1.035781503
14.78846312,1.36968675,-0.655674756,1.062500477,1.045951247
14.79856491,1.374498102,-0.645201623,1.047313213,1.06098175
14.80868006,1.374760458,-0.623776913,2.142471075,1.156829
14.81877995,1.379031965,-0.612861872,1.091504097,2.037374377
14.828866,1.383132642,-0.602005005,1.085686684,1.090922356
14.83898592,1.386975948,-0.590894938,1.111006737,1.088218689
14.84906888,1.38626736,-0.568943441,2.19514966,1.219421029
14.85917401,1.389713777,-0.557801664,1.114177704,2.087052464
14.86927605,1.392937558,-0.546579421,1.122224331,1.114982367
14.87935901,1.395923239,-0.535270095,1.13093257,1.123095155
14.88944006,1.398739066,-0.524013877,1.125621796,1.130401492
14.8996439,1.396812758,-0.50116533,2.284854651,1.241545081
14.90979099,1.399190269,-0.489664257,1.150107384,2.171379924
14.91995811,1.401341584,-0.478053838,1.161041856,1.151200831
14.93010497,1.403334352,-0.466573268,1.148056984,1.159743369
14.94033408,1.400409013,-0.443164557,2.340871096,1.267338395
14.95039296,1.401845556,-0.431421101,1.174345613,2.224218547
14.96052098,1.403111301,-0.419641346,1.177975535,1.174708605
14.97061205,1.404138658,-0.407817632,1.182371378,1.17841512
14.98074389,1.40499058,-0.395999104,1.181852818,1.182319522
14.99085498,1.400646594,-0.371722996,2.427610755,1.306428611
